emp_id,name,age,gender,department,role,salary,performance_score,join_date,exit_date,location
1,Ishaan Patel,29,Other,Operations,Operations Analyst,45795.0,1,2015-04-13,,Pune
2,Aarav Verma,34,Male,Operations,Operations Analyst,30860.0,5,2021-08-15,,Chennai
3,Saanvi Iyer,35,Female,HR,HR Executive,133694.0,5,2023-01-11,,Bangalore
4,Anaya Nair,38,Male,Support,Support Engineer,149879.0,2,2023-07-06,,Kolkata
5,Diya Nair,59,Female,Engineering,Software Engineer,140268.0,1,2016-01-15,,Pune
6,Sara Nair,57,Male,Sales,Sales Executive,106820.0,1,2019-03-31,2023-01-29,Delhi
7,Aditya Patel,27,Female,Operations,Operations Analyst,84886.0,3,2023-09-02,,Hyderabad
8,Atharv Reddy,25,Other,Operations,Operations Manager,36265.0,2,2016-10-28,,Chennai
9,Kabir Khan,35,Other,Operations,Operations Analyst,112386.0,3,2016-10-31,,Kolkata
10,Aanya Iyer,38,Male,Support,Support Engineer,67194.0,2,2017-07-27,,Chennai
11,Myra Singh,30,Female,Operations,Operations Manager,117498.0,2,2017-05-20,,Mumbai
12,Navya Iyer,44,Male,Operations,Operations Manager,142727.0,2,2023-05-18,,Chennai
13,Arjun Gupta,48,Other,Sales,Sales Executive,74131.0,1,2023-06-23,2025-04-02,Hyderabad
14,Saanvi Sharma,28,Other,Sales,Sales Manager,90263.0,5,2020-12-07,,Kolkata
15,Sai Singh,21,Other,Engineering,Data Engineer,46023.0,3,2016-04-01,,Chennai
16,Rudra Khan,59,Male,Support,Support Engineer,71090.0,2,2020-09-10,,Bangalore
17,Pari Sharma,59,Female,Support,Support Engineer,97221.0,4,2021-01-18,,Delhi
18,Rudra Patel,24,Male,HR,HR Manager,94820.0,5,2024-11-08,,Delhi
19,Arjun Gupta,51,Other,HR,HR Manager,30769.0,2,2024-02-25,,Bangalore
20,Atharv Reddy,46,Other,Marketing,Marketing Manager,89735.0,3,2017-05-17,,Hyderabad
21,Aditya Nair,22,Other,Marketing,Marketing Manager,92955.0,5,2016-05-10,,Mumbai
22,Ishaan Verma,23,Female,Marketing,SEO Specialist,94925.0,1,2015-01-30,2016-04-15,Chennai
23,Saanvi Gupta,57,Other,Finance,Financial Analyst,97969.0,4,2022-07-03,,Mumbai
24,Vihaan Verma,48,Female,Support,Customer Support,35311.0,4,2024-01-21,,Hyderabad
25,Vihaan Sharma,46,Other,Sales,Sales Executive,133355.0,3,2022-07-21,,Kolkata
26,Ira Gupta,48,Male,Support,Support Engineer,134724.0,3,2017-10-15,2024-05-07,Hyderabad
27,Saanvi Verma,24,Other,Finance,Accountant,113104.0,5,2019-12-21,,Kolkata
28,Sai Iyer,52,Female,HR,HR Executive,83707.0,2,2023-06-14,,Kolkata
29,Myra Reddy,50,Female,Sales,Sales Executive,115305.0,4,2016-11-05,,Pune
30,Vivaan Das,55,Male,Operations,Operations Manager,58693.0,3,2016-09-26,2019-09-22,Delhi
31,Pari Gupta,24,Other,HR,HR Manager,101932.0,1,2020-08-21,,Kolkata
32,Myra Verma,57,Male,Finance,Accountant,123016.0,5,2021-09-03,2024-11-09,Chennai
33,Navya Khan,41,Female,HR,HR Executive,136970.0,2,2019-09-14,,Pune
34,Arjun Reddy,50,Female,Operations,Operations Manager,55658.0,1,2017-09-04,,Delhi
35,Pari Reddy,29,Female,Sales,Sales Executive,114478.0,1,2015-10-28,,Mumbai
36,Saanvi Reddy,60,Other,Engineering,Data Engineer,48431.0,5,2016-10-08,,Delhi
37,Kabir Verma,27,Other,Operations,Operations Manager,32747.0,5,2022-06-10,2024-06-29,Mumbai
38,Aanya Patel,37,Other,Engineering,Data Engineer,89150.0,4,2021-10-13,,Bangalore
39,Kabir Sharma,21,Female,Support,Support Engineer,95725.0,2,2016-01-14,,Pune
40,Anaya Khan,21,Male,Engineering,Data Analyst,114654.0,1,2023-04-25,,Pune
41,Saanvi Gupta,48,Male,Finance,Accountant,65773.0,1,2024-05-11,,Bangalore
42,Ishaan Verma,43,Other,Engineering,Software Engineer,149346.0,4,2019-01-05,,Chennai
43,Sai Iyer,22,Male,Operations,Operations Analyst,97435.0,3,2017-08-27,,Kolkata
44,Myra Sharma,51,Male,Sales,Sales Executive,86886.0,2,2017-12-28,2019-10-01,Kolkata
45,Ishaan Patel,22,Other,Sales,Sales Manager,96803.0,2,2018-06-04,,Hyderabad
46,Diya Khan,46,Other,Engineering,Data Engineer,61551.0,5,2024-09-10,,Bangalore
47,Sai Das,37,Male,HR,HR Executive,146216.0,1,2024-11-01,,Chennai
48,Anaya Das,53,Male,Sales,Sales Manager,41394.0,4,2023-03-04,,Chennai
49,Aarav Khan,55,Other,Finance,Financial Analyst,99092.0,2,2015-07-01,,Bangalore
50,Sara Nair,28,Other,Sales,Sales Executive,33890.0,3,2022-06-13,,Chennai
51,Rudra Khan,29,Male,Engineering,ML Engineer,71606.0,4,2018-08-29,,Pune
52,Myra Khan,21,Female,Sales,Sales Executive,126276.0,3,2021-11-26,,Mumbai
53,Atharv Khan,51,Other,Sales,Sales Manager,110038.0,2,2020-03-19,,Pune
54,Sara Nair,26,Male,HR,HR Manager,117313.0,3,2020-10-12,,Mumbai
55,Aadhya Das,25,Female,Support,Support Engineer,40627.0,4,2016-08-26,2019-12-11,Pune
56,Aadhya Iyer,36,Male,Marketing,SEO Specialist,38792.0,1,2023-01-21,,Kolkata
57,Sai Khan,50,Male,Support,Support Engineer,138859.0,5,2023-09-24,,Mumbai
58,Pari Khan,59,Female,Support,Support Engineer,138557.0,4,2020-02-13,,Chennai
59,Ira Gupta,51,Female,Support,Customer Support,103969.0,3,2024-04-25,,Kolkata
60,Aadhya Patel,38,Female,Finance,Financial Analyst,73001.0,1,2023-08-03,,Pune
61,Saanvi Verma,29,Male,Engineering,Data Analyst,106552.0,2,2018-01-17,,Hyderabad
62,Anaya Iyer,42,Other,Operations,Operations Analyst,53897.0,4,2022-12-03,,Hyderabad
63,Navya Sharma,57,Female,HR,HR Executive,98148.0,4,2024-05-04,,Delhi
64,Anaya Khan,55,Other,Engineering,Data Engineer,53483.0,2,2023-06-14,,Hyderabad
65,Myra Nair,46,Other,Finance,Financial Analyst,78555.0,2,2019-11-21,,Kolkata
66,Myra Das,57,Other,Sales,Sales Executive,47159.0,1,2021-12-23,,Delhi
67,Sai Sharma,37,Female,Operations,Operations Manager,140510.0,3,2016-07-09,,Mumbai
68,Myra Reddy,47,Female,Sales,Sales Manager,136530.0,1,2018-10-14,,Hyderabad
69,Aditya Sharma,22,Male,HR,HR Executive,110077.0,2,2018-12-04,,Kolkata
70,Navya Patel,50,Other,HR,HR Executive,65920.0,3,2017-09-04,2019-07-04,Kolkata
71,Vihaan Gupta,40,Male,Engineering,Data Analyst,122067.0,5,2021-10-17,,Delhi
72,Atharv Verma,58,Other,Engineering,ML Engineer,97121.0,2,2019-06-13,,Delhi
73,Vihaan Das,23,Female,Operations,Operations Manager,99479.0,5,2024-07-14,,Hyderabad
74,Aanya Sharma,47,Female,Operations,Operations Manager,119475.0,1,2015-10-10,,Hyderabad
75,Pari Reddy,60,Other,Engineering,ML Engineer,49457.0,4,2022-12-07,2025-06-15,Hyderabad
76,Aditya Reddy,49,Male,Sales,Sales Manager,96557.0,4,2018-08-13,,Chennai
77,Sai Singh,34,Female,Marketing,Marketing Manager,107189.0,3,2018-10-09,2022-12-18,Bangalore
78,Aditya Patel,47,Female,Engineering,Data Engineer,139109.0,5,2021-03-26,2023-12-03,Kolkata
79,Ira Sharma,26,Female,Finance,Financial Analyst,108953.0,2,2022-03-30,,Hyderabad
80,Diya Singh,56,Other,Operations,Operations Analyst,82995.0,3,2018-06-08,,Hyderabad
81,Kabir Reddy,37,Male,Operations,Operations Manager,70757.0,1,2018-12-12,,Pune
82,Sai Patel,34,Other,Finance,Financial Analyst,39692.0,4,2016-05-04,,Bangalore
83,Rudra Patel,44,Male,Operations,Operations Manager,75758.0,3,2016-02-16,,Delhi
84,Saanvi Reddy,29,Other,Operations,Operations Analyst,102409.0,4,2018-01-28,2019-03-27,Delhi
85,Aadhya Singh,42,Male,Support,Support Engineer,101211.0,1,2021-06-09,,Bangalore
86,Myra Singh,25,Other,Support,Customer Support,95697.0,1,2016-04-12,,Mumbai
87,Vihaan Khan,47,Other,Finance,Financial Analyst,67065.0,5,2015-12-15,,Kolkata
88,Ira Singh,40,Other,Marketing,SEO Specialist,122093.0,4,2023-09-13,,Bangalore
89,Vihaan Patel,34,Female,Marketing,SEO Specialist,129299.0,1,2021-11-02,,Mumbai
90,Anaya Singh,59,Female,Finance,Accountant,62606.0,3,2021-03-10,2021-10-06,Delhi
91,Ira Verma,35,Female,Finance,Financial Analyst,41534.0,5,2022-12-05,,Pune
92,Arjun Reddy,30,Male,Support,Support Engineer,124663.0,1,2019-10-08,2022-11-01,Mumbai
93,Navya Reddy,49,Male,Support,Customer Support,70397.0,4,2021-09-03,,Pune
94,Aadhya Singh,26,Other,Engineering,ML Engineer,121387.0,1,2018-01-20,,Hyderabad
95,Aditya Patel,57,Other,Operations,Operations Manager,31016.0,1,2021-10-08,,Kolkata
96,Aadhya Khan,49,Female,Operations,Operations Manager,119789.0,2,2021-06-18,2023-12-22,Chennai
97,Anaya Nair,41,Other,Sales,Sales Manager,85591.0,1,2016-01-09,,Kolkata
98,Rudra Iyer,56,Male,Finance,Financial Analyst,119812.0,4,2019-08-14,,Delhi
99,Pari Sharma,55,Female,Engineering,Data Engineer,53247.0,4,2018-08-17,2023-09-15,Delhi
100,Ira Sharma,34,Female,Finance,Financial Analyst,54300.0,5,2021-12-25,,Mumbai
101,Vihaan Sharma,59,Male,Engineering,ML Engineer,104065.0,2,2024-11-16,,Bangalore
102,Ishaan Verma,50,Male,Marketing,SEO Specialist,112798.0,2,2021-03-12,,Hyderabad
103,Anaya Singh,51,Male,Operations,Operations Manager,39268.0,4,2020-09-15,,Chennai
104,Pari Gupta,25,Female,Finance,Financial Analyst,116807.0,4,2017-02-19,,Bangalore
105,Navya Das,52,Male,Support,Customer Support,42185.0,4,2024-03-14,,Chennai
106,Saanvi Iyer,50,Female,Sales,Sales Manager,93704.0,2,2018-09-23,,Pune
107,Anaya Sharma,41,Other,Finance,Financial Analyst,116779.0,4,2017-08-14,,Pune
108,Arjun Singh,23,Male,Support,Customer Support,69099.0,5,2019-05-01,,Chennai
109,Vihaan Khan,50,Male,Engineering,Software Engineer,38571.0,2,2024-10-20,,Hyderabad
110,Kabir Nair,60,Other,Support,Support Engineer,135512.0,4,2015-11-03,,Pune
111,Saanvi Iyer,41,Other,HR,HR Manager,68044.0,4,2024-07-23,,Kolkata
112,Ishaan Verma,48,Male,Marketing,SEO Specialist,81214.0,1,2021-12-04,2025-09-11,Hyderabad
113,Rudra Nair,44,Female,Finance,Financial Analyst,91228.0,2,2015-04-29,2016-07-01,Mumbai
114,Sai Gupta,32,Male,Marketing,Marketing Manager,144752.0,5,2021-05-07,,Kolkata
115,Arjun Patel,50,Other,Sales,Sales Executive,78984.0,3,2020-07-31,,Hyderabad
116,Rudra Khan,31,Male,Engineering,Software Engineer,70774.0,4,2024-01-09,,Bangalore
117,Kabir Singh,40,Male,Marketing,Marketing Manager,32568.0,4,2022-03-02,,Kolkata
118,Diya Das,39,Other,Sales,Sales Executive,92592.0,3,2017-08-29,,Delhi
119,Sara Singh,39,Male,Support,Customer Support,97563.0,5,2018-01-29,2019-03-05,Kolkata
120,Arjun Verma,23,Female,Engineering,Data Analyst,32695.0,4,2022-02-20,2025-06-30,Delhi
121,Aanya Iyer,32,Male,Marketing,Marketing Manager,78190.0,2,2023-03-19,,Kolkata
122,Kabir Gupta,37,Female,Marketing,Marketing Manager,35258.0,3,2020-12-14,,Pune
123,Arjun Patel,46,Other,Support,Customer Support,117538.0,3,2024-01-08,2025-05-30,Delhi
124,Vihaan Singh,44,Other,Support,Customer Support,69504.0,3,2015-02-27,,Chennai
125,Aadhya Sharma,60,Other,Sales,Sales Manager,63159.0,3,2016-03-19,,Chennai
126,Rudra Iyer,28,Male,Finance,Accountant,43986.0,1,2022-02-15,,Delhi
127,Arjun Iyer,50,Female,Engineering,ML Engineer,91858.0,5,2016-04-20,2022-11-16,Hyderabad
128,Vihaan Singh,60,Female,Marketing,SEO Specialist,42666.0,3,2024-12-05,,Delhi
129,Ishaan Nair,27,Other,Operations,Operations Manager,68660.0,3,2017-06-08,,Chennai
130,Atharv Verma,50,Male,Operations,Operations Manager,33561.0,2,2015-09-06,,Pune
131,Ishaan Gupta,57,Male,Operations,Operations Analyst,56854.0,1,2015-07-27,,Kolkata
132,Ishaan Nair,30,Other,Support,Support Engineer,94505.0,1,2021-07-29,,Bangalore
133,Sai Verma,22,Male,Support,Support Engineer,134488.0,1,2016-06-16,,Bangalore
134,Sai Reddy,24,Male,Support,Support Engineer,82251.0,4,2021-08-08,,Chennai
135,Diya Khan,58,Male,HR,HR Executive,52662.0,4,2020-05-04,,Chennai
136,Pari Reddy,50,Other,Finance,Accountant,38392.0,1,2023-02-26,,Delhi
137,Aadhya Singh,25,Male,Sales,Sales Manager,60535.0,3,2019-10-13,,Chennai
138,Navya Khan,41,Female,Finance,Accountant,108603.0,5,2016-05-31,,Chennai
139,Vihaan Verma,56,Other,Engineering,ML Engineer,143569.0,2,2020-09-01,,Hyderabad
140,Ira Iyer,47,Other,Sales,Sales Executive,82256.0,1,2019-08-22,,Bangalore
141,Arjun Singh,25,Male,Sales,Sales Manager,119135.0,1,2022-06-17,,Delhi
142,Arjun Khan,24,Other,Sales,Sales Executive,65222.0,5,2023-05-08,,Chennai
143,Anaya Sharma,39,Other,Engineering,Software Engineer,107373.0,3,2019-08-10,,Bangalore
144,Ishaan Verma,43,Other,HR,HR Executive,109575.0,3,2016-09-25,,Delhi
145,Anaya Khan,60,Other,Support,Customer Support,126354.0,5,2021-06-09,,Delhi
146,Aanya Nair,21,Male,Marketing,Marketing Manager,114651.0,2,2015-04-29,2019-05-03,Chennai
147,Aditya Khan,34,Female,Operations,Operations Manager,93335.0,4,2015-10-13,2016-09-02,Hyderabad
148,Aanya Das,59,Male,Engineering,Data Analyst,40965.0,1,2019-02-24,,Mumbai
149,Anaya Singh,59,Female,Finance,Accountant,54538.0,4,2022-07-23,,Bangalore
150,Rudra Das,52,Other,Finance,Accountant,138066.0,3,2018-11-14,,Delhi
151,Rudra Patel,29,Female,Finance,Financial Analyst,100592.0,3,2021-09-20,2024-07-23,Bangalore
152,Sai Gupta,45,Other,HR,HR Executive,128018.0,2,2020-07-30,,Chennai
153,Vivaan Iyer,22,Female,Marketing,Marketing Manager,143252.0,1,2015-10-23,,Kolkata
154,Anaya Reddy,28,Female,Engineering,ML Engineer,38110.0,1,2021-06-06,,Bangalore
155,Diya Verma,48,Male,Finance,Financial Analyst,109309.0,2,2024-04-30,,Hyderabad
156,Aanya Patel,42,Male,Marketing,Marketing Manager,57266.0,1,2020-11-16,2024-11-25,Chennai
157,Diya Nair,30,Male,Operations,Operations Analyst,82992.0,1,2020-12-13,,Mumbai
158,Aditya Gupta,52,Female,Engineering,Data Analyst,112948.0,5,2016-12-11,,Kolkata
159,Navya Das,41,Other,Marketing,Marketing Manager,128806.0,3,2022-08-21,,Mumbai
160,Rudra Reddy,58,Male,Sales,Sales Executive,36910.0,3,2020-04-04,,Chennai
161,Vivaan Nair,39,Male,HR,HR Manager,140989.0,1,2020-03-06,,Chennai
162,Vivaan Singh,57,Other,Marketing,Marketing Manager,120982.0,2,2020-03-10,,Bangalore
163,Ira Verma,42,Other,Marketing,Marketing Manager,149176.0,1,2020-08-15,2021-11-11,Chennai
164,Ira Singh,54,Other,Operations,Operations Analyst,30206.0,5,2015-06-10,,Mumbai
165,Aanya Das,24,Other,Engineering,Data Engineer,117054.0,3,2018-03-04,,Delhi
166,Rudra Reddy,59,Male,Engineering,Software Engineer,117897.0,3,2021-04-04,,Delhi
167,Myra Gupta,59,Other,Marketing,SEO Specialist,53419.0,1,2018-12-03,,Bangalore
168,Arjun Khan,26,Other,Marketing,Marketing Manager,80636.0,4,2022-03-20,,Chennai
169,Atharv Nair,52,Male,Engineering,Software Engineer,144238.0,2,2019-01-25,,Mumbai
170,Vihaan Khan,55,Other,Finance,Accountant,80015.0,5,2018-04-26,,Delhi
171,Arjun Das,45,Male,Operations,Operations Manager,147478.0,2,2024-10-29,,Mumbai
172,Anaya Nair,36,Female,Support,Support Engineer,137059.0,5,2023-02-01,,Bangalore
173,Rudra Singh,33,Female,Support,Customer Support,84268.0,5,2017-08-16,,Hyderabad
174,Pari Iyer,31,Male,Sales,Sales Manager,140687.0,5,2023-09-23,,Mumbai
175,Diya Khan,27,Other,Support,Customer Support,117939.0,5,2015-08-02,,Kolkata
176,Kabir Singh,53,Male,HR,HR Manager,48141.0,4,2015-12-10,,Delhi
177,Aarav Iyer,24,Female,Finance,Financial Analyst,110356.0,5,2024-12-02,,Bangalore
178,Aarav Nair,27,Other,Finance,Financial Analyst,135878.0,3,2015-12-01,,Kolkata
179,Aadhya Gupta,51,Female,Finance,Accountant,101910.0,5,2015-06-06,,Delhi
180,Arjun Khan,59,Other,HR,HR Executive,86044.0,4,2017-11-14,,Delhi
181,Vivaan Patel,47,Other,Support,Customer Support,97214.0,5,2017-08-31,,Hyderabad
182,Sara Khan,22,Other,HR,HR Executive,147930.0,5,2024-05-20,,Chennai
183,Sara Nair,36,Other,Finance,Accountant,149324.0,4,2018-04-08,,Mumbai
184,Aditya Khan,55,Other,Operations,Operations Analyst,63827.0,5,2020-11-14,,Chennai
185,Myra Nair,37,Other,HR,HR Manager,85820.0,1,2024-10-17,,Bangalore
186,Vihaan Das,42,Male,Support,Support Engineer,92623.0,1,2018-11-13,,Bangalore
187,Ira Singh,32,Male,Marketing,Marketing Manager,111734.0,1,2024-02-15,,Pune
188,Vivaan Patel,23,Female,Support,Customer Support,105450.0,3,2015-06-01,,Chennai
189,Rudra Nair,24,Other,Sales,Sales Manager,123426.0,3,2017-11-03,2020-07-12,Bangalore
190,Ira Iyer,42,Male,HR,HR Manager,147845.0,4,2019-11-25,,Pune
191,Aditya Iyer,26,Female,Sales,Sales Manager,52299.0,5,2023-12-10,,Kolkata
192,Rudra Reddy,49,Other,Finance,Financial Analyst,73585.0,4,2018-08-08,2022-10-29,Mumbai
193,Diya Das,48,Female,Operations,Operations Manager,139225.0,1,2018-12-10,,Delhi
194,Sai Sharma,30,Other,Operations,Operations Manager,94044.0,4,2019-01-28,,Delhi
195,Diya Nair,45,Other,Finance,Accountant,72557.0,1,2017-08-24,,Chennai
196,Aditya Das,29,Other,Finance,Financial Analyst,79080.0,3,2019-02-28,,Hyderabad
197,Aarav Gupta,52,Other,Engineering,Data Engineer,139556.0,4,2017-10-19,,Chennai
198,Ira Patel,60,Female,HR,HR Manager,32693.0,4,2023-09-10,,Mumbai
199,Ira Verma,41,Other,HR,HR Executive,125003.0,3,2024-07-25,,Pune
200,Sai Gupta,44,Other,HR,HR Manager,125259.0,2,2024-12-29,,Delhi
201,Aarav Nair,56,Other,Finance,Accountant,142235.0,3,2017-08-27,,Hyderabad
202,Aditya Reddy,46,Other,Support,Support Engineer,99163.0,4,2021-11-11,,Chennai
203,Arjun Nair,25,Female,Sales,Sales Manager,55939.0,4,2024-03-26,,Pune
204,Saanvi Das,32,Male,Marketing,Marketing Manager,78925.0,4,2016-06-09,,Chennai
205,Rudra Gupta,31,Female,Support,Support Engineer,72941.0,2,2024-04-28,,Bangalore
206,Saanvi Reddy,29,Other,Marketing,Marketing Manager,51834.0,3,2024-06-26,,Chennai
207,Navya Das,30,Male,Marketing,SEO Specialist,48047.0,5,2020-08-20,,Pune
208,Vivaan Sharma,26,Male,Marketing,Marketing Manager,56105.0,5,2024-06-13,,Bangalore
209,Sara Sharma,52,Other,Operations,Operations Analyst,105766.0,5,2023-08-08,,Bangalore
210,Myra Reddy,50,Male,Operations,Operations Manager,45707.0,1,2020-06-01,,Mumbai
211,Aanya Das,30,Female,Sales,Sales Manager,51976.0,3,2020-06-06,,Pune
212,Pari Khan,27,Female,Support,Customer Support,74262.0,2,2019-06-22,2024-03-04,Hyderabad
213,Vihaan Sharma,39,Female,HR,HR Manager,53776.0,5,2020-01-16,,Hyderabad
214,Navya Nair,33,Male,Finance,Accountant,60080.0,4,2024-02-15,,Chennai
215,Aarav Verma,46,Other,Sales,Sales Manager,96842.0,4,2024-11-09,,Mumbai
216,Sara Singh,39,Other,Finance,Financial Analyst,91373.0,1,2015-07-19,2021-08-23,Kolkata
217,Diya Iyer,44,Male,HR,HR Manager,36776.0,4,2016-07-02,,Delhi
218,Aditya Iyer,53,Female,Marketing,SEO Specialist,122787.0,5,2019-01-24,,Bangalore
219,Myra Nair,42,Other,Support,Support Engineer,85016.0,3,2016-06-11,,Kolkata
220,Pari Sharma,23,Male,Finance,Accountant,39474.0,2,2021-10-03,,Pune
221,Sara Khan,29,Female,Engineering,ML Engineer,135830.0,5,2020-10-28,,Bangalore
222,Rudra Das,42,Other,Finance,Financial Analyst,88053.0,5,2021-11-30,,Chennai
223,Diya Nair,28,Female,Sales,Sales Manager,51959.0,5,2020-04-29,,Bangalore
224,Navya Das,35,Other,Support,Support Engineer,35530.0,1,2021-09-10,,Chennai
225,Sara Iyer,30,Other,Sales,Sales Executive,124856.0,2,2020-11-17,,Delhi
226,Anaya Gupta,47,Other,Marketing,SEO Specialist,149101.0,2,2017-02-20,2021-03-15,Hyderabad
227,Vivaan Gupta,54,Male,Marketing,Marketing Manager,33748.0,5,2024-10-15,,Bangalore
228,Sai Singh,55,Female,Operations,Operations Manager,127504.0,5,2020-11-22,,Bangalore
229,Ishaan Reddy,56,Female,Operations,Operations Manager,128098.0,2,2021-11-03,,Bangalore
230,Aadhya Nair,51,Female,Support,Customer Support,43545.0,5,2022-11-27,,Kolkata
231,Myra Iyer,43,Male,Operations,Operations Manager,96199.0,3,2018-03-24,2024-11-11,Delhi
232,Kabir Singh,34,Male,Engineering,Software Engineer,64766.0,5,2018-11-19,,Bangalore
233,Ishaan Sharma,54,Male,Marketing,Marketing Manager,103530.0,2,2016-07-16,2019-10-09,Delhi
234,Vihaan Gupta,21,Other,HR,HR Manager,123557.0,2,2018-09-14,,Hyderabad
235,Rudra Nair,39,Other,Operations,Operations Manager,91087.0,1,2020-05-09,,Kolkata
236,Vivaan Gupta,47,Male,HR,HR Executive,125839.0,1,2020-12-31,,Kolkata
237,Rudra Sharma,21,Female,Sales,Sales Manager,146183.0,5,2017-02-02,,Chennai
238,Saanvi Khan,52,Male,HR,HR Manager,98840.0,5,2018-03-11,,Hyderabad
239,Ira Reddy,32,Male,Engineering,Data Analyst,148451.0,3,2024-01-26,,Kolkata
240,Myra Iyer,53,Female,Engineering,Data Analyst,84384.0,1,2016-12-19,,Hyderabad
241,Aadhya Nair,36,Male,Operations,Operations Analyst,81005.0,3,2017-01-26,,Hyderabad
242,Aanya Reddy,58,Other,Finance,Financial Analyst,76576.0,5,2023-06-15,,Delhi
243,Vihaan Singh,40,Male,Engineering,Data Engineer,69353.0,4,2022-10-08,,Pune
244,Diya Das,35,Male,Marketing,Marketing Manager,92003.0,2,2022-09-28,,Hyderabad
245,Diya Iyer,56,Female,Finance,Financial Analyst,113211.0,5,2023-05-21,,Kolkata
246,Sara Verma,54,Female,Operations,Operations Analyst,82733.0,5,2023-07-18,,Pune
247,Pari Patel,57,Other,Engineering,Software Engineer,95318.0,2,2021-04-29,,Mumbai
248,Navya Singh,26,Other,Engineering,ML Engineer,139953.0,4,2016-04-21,,Kolkata
249,Ira Das,24,Other,HR,HR Manager,119474.0,4,2016-06-24,,Pune
250,Aarav Patel,58,Male,Support,Customer Support,53664.0,1,2023-02-10,,Hyderabad
251,Aditya Singh,23,Female,Engineering,Software Engineer,97172.0,4,2021-01-25,,Mumbai
252,Anaya Nair,45,Female,Support,Support Engineer,115616.0,4,2023-08-03,,Hyderabad
253,Vihaan Gupta,55,Female,HR,HR Executive,123264.0,5,2022-04-30,,Mumbai
254,Rudra Singh,55,Female,Operations,Operations Analyst,145386.0,5,2024-05-12,2025-03-01,Hyderabad
255,Arjun Reddy,33,Other,Support,Support Engineer,56736.0,1,2017-10-10,,Delhi
256,Aarav Patel,34,Male,Support,Customer Support,124209.0,1,2021-11-23,,Chennai
257,Vivaan Patel,23,Female,HR,HR Manager,133041.0,4,2021-09-14,,Mumbai
258,Vivaan Gupta,53,Female,Marketing,SEO Specialist,142859.0,2,2023-06-17,,Kolkata
259,Aanya Patel,40,Male,Operations,Operations Manager,142181.0,5,2021-06-23,,Mumbai
260,Anaya Khan,52,Male,Sales,Sales Manager,30854.0,3,2018-02-01,2020-08-06,Pune
261,Anaya Iyer,30,Female,Operations,Operations Manager,120084.0,4,2023-10-24,,Mumbai
262,Rudra Gupta,50,Male,Support,Customer Support,68623.0,5,2017-09-14,,Hyderabad
263,Atharv Nair,26,Female,Sales,Sales Executive,37392.0,3,2019-05-10,,Delhi
264,Sara Das,23,Male,Marketing,SEO Specialist,85680.0,2,2015-07-31,,Kolkata
265,Aanya Reddy,21,Male,Support,Support Engineer,76717.0,2,2020-05-17,,Pune
266,Atharv Iyer,36,Other,HR,HR Manager,149937.0,3,2017-09-20,,Kolkata
267,Diya Reddy,37,Female,Engineering,ML Engineer,117092.0,5,2020-03-24,,Hyderabad
268,Aadhya Nair,34,Female,Sales,Sales Executive,80859.0,3,2024-01-02,,Hyderabad
269,Saanvi Das,58,Other,HR,HR Executive,134095.0,4,2023-04-25,,Bangalore
270,Navya Patel,52,Other,Finance,Accountant,56309.0,3,2018-09-13,,Bangalore
271,Aadhya Singh,31,Other,Support,Customer Support,117455.0,3,2023-02-11,,Mumbai
272,Saanvi Sharma,54,Male,Finance,Financial Analyst,93734.0,1,2017-01-23,,Kolkata
273,Ishaan Verma,30,Male,Operations,Operations Analyst,100467.0,2,2023-07-28,2025-08-29,Chennai
274,Sara Singh,52,Male,Sales,Sales Manager,82662.0,1,2015-09-05,,Chennai
275,Saanvi Reddy,22,Other,Marketing,Marketing Manager,128506.0,4,2015-02-18,2018-10-05,Kolkata
276,Ishaan Patel,60,Other,Finance,Accountant,139751.0,3,2016-01-30,,Kolkata
277,Diya Iyer,50,Other,Engineering,Data Engineer,148906.0,2,2023-12-01,,Pune
278,Aditya Sharma,26,Female,Finance,Financial Analyst,42688.0,4,2022-09-02,,Hyderabad
279,Sai Verma,52,Female,Marketing,Marketing Manager,55342.0,3,2015-08-18,,Chennai
280,Ishaan Patel,57,Female,Support,Support Engineer,67157.0,3,2020-12-03,,Delhi
281,Vivaan Gupta,41,Male,HR,HR Manager,97863.0,2,2021-02-02,,Chennai
282,Navya Patel,57,Female,Finance,Financial Analyst,136308.0,5,2015-11-12,,Bangalore
283,Aditya Khan,43,Male,Sales,Sales Executive,82083.0,1,2023-11-12,,Hyderabad
284,Sara Das,46,Female,Finance,Accountant,136081.0,1,2018-10-27,,Pune
285,Saanvi Iyer,48,Male,Engineering,ML Engineer,95733.0,5,2020-07-02,,Pune
286,Ishaan Verma,26,Female,Sales,Sales Executive,119045.0,2,2023-08-29,,Hyderabad
287,Diya Verma,26,Male,Operations,Operations Analyst,64698.0,3,2023-04-18,,Hyderabad
288,Anaya Singh,56,Other,Engineering,Data Engineer,140078.0,5,2016-02-23,2018-10-17,Hyderabad
289,Aditya Das,59,Female,HR,HR Executive,110623.0,4,2016-01-03,,Delhi
290,Saanvi Patel,57,Other,Engineering,ML Engineer,52671.0,2,2019-05-08,,Pune
291,Kabir Singh,30,Male,Sales,Sales Executive,55184.0,2,2016-07-22,,Hyderabad
292,Aditya Nair,37,Male,Engineering,ML Engineer,123384.0,4,2018-05-12,,Chennai
293,Aarav Iyer,42,Other,Marketing,SEO Specialist,72107.0,4,2020-02-19,2024-02-05,Kolkata
294,Sara Gupta,40,Female,Support,Customer Support,116202.0,5,2019-12-09,,Pune
295,Aanya Reddy,52,Other,Finance,Financial Analyst,139893.0,2,2018-07-10,2023-07-15,Bangalore
296,Diya Verma,57,Male,Sales,Sales Manager,81663.0,5,2024-02-27,,Chennai
297,Atharv Singh,39,Other,Finance,Accountant,45708.0,1,2023-02-26,,Kolkata
298,Rudra Patel,37,Other,Support,Customer Support,121906.0,2,2022-07-19,,Pune
299,Sara Singh,58,Female,Sales,Sales Manager,79811.0,5,2015-10-30,,Chennai
300,Saanvi Das,26,Male,Support,Customer Support,32811.0,2,2021-02-04,2025-09-03,Pune
301,Vivaan Das,46,Female,Operations,Operations Manager,86250.0,4,2016-11-12,,Delhi
302,Pari Khan,58,Other,HR,HR Executive,142547.0,5,2017-11-25,,Mumbai
303,Navya Khan,30,Female,Sales,Sales Manager,102082.0,1,2019-05-22,,Hyderabad
304,Aditya Verma,30,Female,HR,HR Manager,64754.0,3,2019-08-31,,Bangalore
305,Aadhya Verma,49,Other,Sales,Sales Executive,125742.0,4,2020-11-04,,Bangalore
306,Vihaan Sharma,42,Other,HR,HR Manager,136642.0,1,2015-07-03,,Pune
307,Sai Khan,31,Female,Support,Support Engineer,41411.0,5,2023-04-22,,Hyderabad
308,Sai Gupta,48,Female,Sales,Sales Executive,32911.0,1,2023-12-12,,Pune
309,Myra Sharma,34,Male,Marketing,SEO Specialist,97270.0,3,2020-01-16,,Kolkata
310,Sai Nair,41,Male,Operations,Operations Analyst,113763.0,4,2021-06-22,,Delhi
311,Aanya Das,45,Other,Engineering,ML Engineer,38680.0,4,2020-12-01,,Chennai
312,Sara Gupta,40,Other,HR,HR Manager,114896.0,5,2018-12-12,,Delhi
313,Vihaan Gupta,44,Other,Operations,Operations Analyst,113879.0,2,2018-07-06,2022-06-25,Chennai
314,Anaya Gupta,52,Other,Sales,Sales Manager,101295.0,5,2021-09-08,,Pune
315,Arjun Gupta,41,Female,Operations,Operations Analyst,118614.0,5,2021-03-22,2025-01-03,Delhi
316,Atharv Iyer,56,Other,Support,Customer Support,130689.0,4,2015-02-09,,Hyderabad
317,Ira Singh,31,Male,Operations,Operations Manager,41111.0,5,2019-08-30,,Delhi
318,Saanvi Reddy,31,Female,Support,Support Engineer,67504.0,5,2018-04-11,2021-05-05,Pune
319,Navya Verma,38,Other,Support,Customer Support,31802.0,3,2021-03-01,,Chennai
320,Saanvi Patel,48,Male,Support,Support Engineer,38155.0,2,2023-07-10,,Bangalore
321,Aditya Singh,28,Male,Support,Support Engineer,103656.0,2,2020-01-17,,Kolkata
322,Anaya Gupta,60,Male,Operations,Operations Manager,69384.0,2,2024-08-27,,Kolkata
323,Kabir Das,55,Male,Finance,Accountant,142561.0,3,2021-05-24,,Pune
324,Pari Verma,29,Female,Engineering,Data Engineer,77254.0,1,2021-06-03,,Bangalore
325,Ishaan Gupta,41,Male,Support,Support Engineer,51918.0,4,2022-11-13,,Hyderabad
326,Ira Verma,26,Female,Finance,Financial Analyst,115981.0,5,2022-01-15,,Pune
327,Aanya Das,21,Other,Engineering,Data Engineer,90713.0,1,2020-02-06,,Pune
328,Myra Patel,48,Male,Sales,Sales Manager,60306.0,4,2024-07-14,,Bangalore
329,Arjun Das,52,Female,Engineering,Data Engineer,46646.0,1,2018-10-15,,Delhi
330,Ira Singh,21,Female,HR,HR Manager,76843.0,2,2015-03-08,2017-07-02,Pune
331,Kabir Verma,44,Female,Finance,Financial Analyst,126601.0,1,2016-10-13,,Bangalore
332,Rudra Patel,48,Other,Operations,Operations Analyst,120735.0,1,2015-08-01,,Pune
333,Arjun Das,35,Other,HR,HR Executive,137512.0,4,2017-05-24,,Delhi
334,Arjun Singh,25,Male,HR,HR Manager,46371.0,4,2024-02-29,,Delhi
335,Rudra Gupta,45,Male,Operations,Operations Analyst,107371.0,2,2016-02-27,,Delhi
336,Ira Nair,34,Other,Marketing,SEO Specialist,141472.0,2,2021-11-04,,Hyderabad
337,Vihaan Gupta,28,Other,Marketing,Marketing Manager,32049.0,4,2024-08-23,,Bangalore
338,Aditya Patel,56,Other,Sales,Sales Manager,61616.0,5,2023-11-15,,Pune
339,Aarav Reddy,34,Other,Marketing,Marketing Manager,133727.0,5,2023-09-26,,Chennai
340,Ishaan Singh,45,Male,Finance,Financial Analyst,142893.0,2,2018-04-25,,Hyderabad
341,Aarav Nair,41,Male,Operations,Operations Analyst,50932.0,4,2020-12-03,,Kolkata
342,Sai Singh,25,Male,Support,Customer Support,147796.0,5,2019-02-05,,Delhi
343,Myra Khan,39,Other,HR,HR Manager,59855.0,5,2017-06-02,2018-08-23,Kolkata
344,Saanvi Khan,60,Male,Sales,Sales Manager,91434.0,3,2022-11-14,,Delhi
345,Arjun Khan,41,Female,Engineering,Software Engineer,102694.0,5,2020-09-25,,Pune
346,Ishaan Sharma,36,Male,Support,Support Engineer,73016.0,4,2018-06-24,,Delhi
347,Sai Verma,21,Other,Sales,Sales Executive,37400.0,2,2018-06-20,,Pune
348,Pari Khan,37,Male,HR,HR Executive,147858.0,3,2020-07-26,,Mumbai
349,Aarav Nair,48,Female,Operations,Operations Manager,72642.0,5,2023-03-22,,Delhi
350,Diya Sharma,52,Other,Engineering,Software Engineer,45151.0,2,2020-07-25,,Bangalore
351,Ishaan Khan,21,Male,Finance,Financial Analyst,81407.0,1,2023-09-03,2025-07-06,Mumbai
352,Arjun Gupta,23,Other,HR,HR Manager,96690.0,4,2019-01-30,,Mumbai
353,Aanya Reddy,25,Other,Engineering,Data Analyst,34499.0,3,2019-09-01,,Delhi
354,Pari Sharma,46,Male,Marketing,SEO Specialist,36295.0,4,2017-01-04,,Kolkata
355,Aarav Nair,33,Female,Engineering,Data Engineer,89040.0,5,2018-09-02,2024-05-03,Kolkata
356,Aadhya Patel,55,Male,Engineering,Data Analyst,42183.0,2,2020-03-15,,Delhi
357,Aarav Nair,21,Other,Sales,Sales Executive,59299.0,4,2017-08-12,,Kolkata
358,Ishaan Iyer,52,Male,Operations,Operations Manager,42874.0,2,2016-03-01,,Pune
359,Pari Iyer,44,Female,Engineering,Software Engineer,146336.0,1,2015-06-29,,Chennai
360,Aditya Das,57,Male,HR,HR Executive,62711.0,4,2022-02-23,,Pune
361,Aanya Iyer,41,Female,Finance,Accountant,35539.0,4,2018-04-09,,Bangalore
362,Arjun Verma,31,Female,Finance,Accountant,137941.0,4,2017-04-10,2019-01-16,Bangalore
363,Atharv Singh,40,Female,Sales,Sales Executive,83351.0,3,2021-01-04,,Kolkata
364,Rudra Das,23,Male,HR,HR Executive,91267.0,3,2016-10-07,,Mumbai
365,Vivaan Reddy,37,Male,HR,HR Executive,78354.0,1,2018-12-28,,Hyderabad
366,Ishaan Verma,50,Male,Support,Customer Support,32557.0,2,2021-03-27,,Delhi
367,Ishaan Gupta,33,Female,HR,HR Executive,68360.0,3,2024-04-24,,Pune
368,Aditya Sharma,25,Male,Operations,Operations Analyst,112018.0,4,2021-07-13,,Kolkata
369,Aanya Verma,23,Female,Finance,Accountant,32200.0,1,2024-07-02,,Mumbai
370,Aadhya Sharma,45,Other,Marketing,Marketing Manager,142476.0,4,2024-03-19,,Mumbai
371,Ira Gupta,23,Other,Engineering,Data Analyst,98497.0,5,2017-02-05,,Chennai
372,Saanvi Singh,24,Male,Finance,Financial Analyst,76975.0,3,2020-08-05,,Hyderabad
373,Pari Patel,55,Male,Finance,Financial Analyst,51357.0,4,2017-03-27,,Kolkata
374,Aadhya Nair,57,Other,Operations,Operations Manager,149121.0,3,2020-05-18,,Hyderabad
375,Ishaan Sharma,38,Male,Engineering,Data Analyst,107505.0,4,2015-04-17,,Chennai
376,Kabir Khan,24,Male,Engineering,Data Analyst,32869.0,5,2016-10-15,2020-01-15,Kolkata
377,Sai Gupta,36,Other,Support,Customer Support,91135.0,3,2018-12-24,,Kolkata
378,Navya Das,30,Other,Operations,Operations Manager,80108.0,2,2021-08-20,,Kolkata
379,Aadhya Sharma,26,Male,Support,Customer Support,142296.0,2,2021-01-29,,Chennai
380,Aanya Das,33,Male,Finance,Accountant,124179.0,3,2020-11-26,,Pune
381,Vihaan Khan,44,Male,Finance,Financial Analyst,120272.0,3,2015-09-01,2017-10-20,Pune
382,Aanya Gupta,31,Other,Operations,Operations Manager,68467.0,4,2021-07-28,2025-07-03,Kolkata
383,Saanvi Das,43,Male,Operations,Operations Manager,53328.0,5,2022-04-13,,Kolkata
384,Rudra Gupta,32,Other,Finance,Financial Analyst,149181.0,1,2018-06-10,,Pune
385,Navya Sharma,32,Other,Marketing,Marketing Manager,121412.0,3,2024-07-16,,Kolkata
386,Aadhya Gupta,42,Other,Marketing,SEO Specialist,116831.0,1,2022-03-04,,Mumbai
387,Aditya Nair,49,Male,Engineering,Data Engineer,33987.0,3,2016-11-18,,Mumbai
388,Vihaan Sharma,24,Female,Finance,Accountant,88871.0,4,2018-12-06,,Pune
389,Myra Nair,55,Female,Sales,Sales Executive,52399.0,1,2024-12-02,,Kolkata
390,Vivaan Reddy,22,Female,Sales,Sales Executive,76214.0,3,2016-10-28,,Delhi
391,Sai Verma,56,Male,HR,HR Manager,129522.0,3,2016-11-27,,Chennai
392,Sara Iyer,31,Male,Marketing,Marketing Manager,116416.0,1,2022-11-25,2025-04-18,Bangalore
393,Saanvi Reddy,39,Female,Finance,Accountant,100271.0,2,2019-08-04,,Delhi
394,Aadhya Gupta,24,Female,HR,HR Manager,74064.0,1,2021-05-30,,Hyderabad
395,Sara Singh,33,Male,HR,HR Manager,100091.0,1,2024-03-28,,Mumbai
396,Vihaan Reddy,46,Female,Finance,Financial Analyst,137450.0,4,2015-12-02,,Pune
397,Sai Nair,45,Female,Engineering,Software Engineer,70818.0,2,2022-03-14,,Hyderabad
398,Ishaan Reddy,57,Male,HR,HR Manager,75525.0,2,2019-12-07,,Kolkata
399,Saanvi Iyer,58,Male,Operations,Operations Analyst,49830.0,5,2015-12-18,,Delhi
400,Saanvi Singh,57,Male,Support,Customer Support,47429.0,4,2024-03-06,,Bangalore
401,Pari Das,54,Other,HR,HR Manager,36893.0,5,2024-07-29,,Mumbai
402,Sai Patel,33,Male,HR,HR Manager,146381.0,1,2016-12-09,,Hyderabad
403,Arjun Das,37,Female,HR,HR Manager,109909.0,1,2017-04-07,,Delhi
404,Kabir Khan,50,Male,Sales,Sales Manager,77333.0,5,2021-03-11,,Chennai
405,Arjun Das,58,Other,Marketing,Marketing Manager,33436.0,1,2016-04-05,,Delhi
406,Saanvi Nair,47,Female,Marketing,SEO Specialist,104290.0,4,2023-10-24,,Pune
407,Arjun Das,59,Other,Sales,Sales Manager,106213.0,4,2015-06-03,2020-06-26,Delhi
408,Aadhya Reddy,44,Male,Sales,Sales Manager,35895.0,3,2022-09-29,,Kolkata
409,Aadhya Verma,35,Male,Support,Customer Support,49738.0,3,2018-06-27,,Pune
410,Sara Verma,33,Female,Sales,Sales Manager,60746.0,2,2018-01-08,,Kolkata
411,Diya Sharma,53,Male,Sales,Sales Manager,79377.0,1,2023-07-08,,Bangalore
412,Pari Das,22,Male,Operations,Operations Manager,78404.0,2,2016-07-09,,Kolkata
413,Diya Patel,38,Female,Finance,Accountant,84045.0,4,2017-10-18,2018-11-29,Chennai
414,Aadhya Das,49,Male,Sales,Sales Executive,127888.0,4,2022-08-22,,Chennai
415,Aditya Reddy,22,Female,Marketing,Marketing Manager,69790.0,1,2018-11-11,2022-04-23,Mumbai
416,Ishaan Patel,38,Other,Support,Support Engineer,137455.0,4,2024-08-11,,Chennai
417,Sai Das,21,Male,HR,HR Executive,35600.0,3,2020-04-25,,Chennai
418,Kabir Iyer,45,Female,Support,Customer Support,124660.0,4,2022-12-29,,Bangalore
419,Sara Iyer,58,Male,Finance,Financial Analyst,123179.0,1,2018-05-22,,Chennai
420,Sara Reddy,40,Other,Operations,Operations Manager,70764.0,1,2021-04-18,,Hyderabad
421,Kabir Reddy,40,Male,HR,HR Manager,104543.0,2,2018-02-06,,Chennai
422,Sara Iyer,41,Other,Support,Support Engineer,75714.0,2,2015-08-21,,Pune
423,Anaya Iyer,45,Other,HR,HR Manager,86835.0,1,2018-04-25,,Chennai
424,Ishaan Khan,51,Other,Operations,Operations Analyst,132946.0,3,2018-11-06,,Chennai
425,Saanvi Gupta,39,Male,Engineering,Data Analyst,139616.0,4,2024-06-05,,Mumbai
426,Sai Nair,26,Male,Operations,Operations Manager,135983.0,3,2023-02-18,,Mumbai
427,Aanya Nair,37,Other,Operations,Operations Manager,103744.0,3,2019-09-19,,Hyderabad
428,Aadhya Patel,53,Male,Support,Support Engineer,86491.0,4,2020-04-11,2021-08-15,Chennai
429,Arjun Gupta,33,Female,Engineering,ML Engineer,48589.0,4,2015-08-10,,Chennai
430,Sai Verma,52,Female,Sales,Sales Executive,73484.0,2,2018-07-19,,Bangalore
431,Atharv Gupta,57,Male,Operations,Operations Analyst,112989.0,4,2015-01-20,,Kolkata
432,Anaya Iyer,48,Female,Support,Support Engineer,66212.0,4,2016-06-14,,Delhi
433,Aarav Nair,54,Male,HR,HR Executive,73525.0,1,2023-03-12,,Pune
434,Diya Reddy,29,Male,HR,HR Executive,77202.0,4,2017-07-15,,Chennai
435,Rudra Reddy,50,Other,Marketing,Marketing Manager,62635.0,5,2016-11-15,2017-12-07,Chennai
436,Arjun Nair,52,Female,Marketing,Marketing Manager,93208.0,2,2019-11-12,,Mumbai
437,Arjun Patel,22,Other,Support,Customer Support,63828.0,5,2015-03-20,,Mumbai
438,Vivaan Iyer,37,Other,HR,HR Manager,48711.0,5,2022-12-22,,Delhi
439,Vivaan Verma,47,Female,Marketing,SEO Specialist,33420.0,4,2022-06-04,2023-03-11,Delhi
440,Atharv Sharma,40,Female,Marketing,Marketing Manager,126752.0,1,2020-04-27,,Pune
441,Arjun Iyer,27,Other,Marketing,Marketing Manager,30301.0,5,2021-12-25,,Delhi
442,Sara Patel,37,Other,Engineering,Software Engineer,75236.0,2,2023-10-20,,Bangalore
443,Aadhya Patel,51,Female,Operations,Operations Manager,145294.0,2,2018-04-24,2025-01-02,Delhi
444,Aadhya Gupta,26,Other,HR,HR Executive,147858.0,1,2016-03-28,,Pune
445,Ira Reddy,37,Female,Operations,Operations Analyst,96235.0,1,2017-11-14,,Delhi
446,Diya Nair,48,Other,Support,Support Engineer,84240.0,1,2024-10-20,,Delhi
447,Sai Nair,43,Female,Support,Support Engineer,95726.0,5,2015-02-09,,Bangalore
448,Sai Verma,46,Female,Operations,Operations Analyst,40492.0,4,2019-03-07,,Bangalore
449,Anaya Gupta,28,Male,Support,Customer Support,145668.0,1,2022-09-26,,Kolkata
450,Aadhya Das,49,Male,Finance,Accountant,131279.0,5,2019-09-01,,Hyderabad
451,Aadhya Singh,28,Female,Support,Customer Support,36102.0,4,2021-11-09,2023-11-14,Delhi
452,Pari Das,57,Male,HR,HR Manager,80336.0,3,2022-05-06,,Chennai
453,Ishaan Singh,43,Other,Marketing,SEO Specialist,148015.0,4,2019-11-08,,Mumbai
454,Sai Khan,51,Female,Support,Support Engineer,115314.0,2,2015-02-17,,Delhi
455,Kabir Sharma,53,Male,Support,Customer Support,56641.0,5,2018-08-06,,Pune
456,Ira Singh,57,Female,Sales,Sales Manager,64584.0,1,2024-02-29,,Kolkata
457,Aarav Verma,46,Female,Sales,Sales Manager,62745.0,1,2018-07-18,2024-09-01,Chennai
458,Pari Khan,34,Other,Marketing,SEO Specialist,53093.0,4,2024-04-05,,Bangalore
459,Ira Nair,56,Other,Engineering,Software Engineer,96105.0,5,2024-02-27,,Hyderabad
460,Vihaan Patel,21,Female,Operations,Operations Manager,133746.0,3,2023-01-11,,Kolkata
461,Vihaan Sharma,31,Female,Operations,Operations Manager,130199.0,2,2021-02-21,,Kolkata
462,Atharv Patel,28,Female,Operations,Operations Manager,81885.0,2,2016-03-14,,Hyderabad
463,Anaya Sharma,58,Male,Support,Support Engineer,66631.0,4,2023-01-14,,Hyderabad
464,Saanvi Iyer,58,Female,Operations,Operations Analyst,141217.0,5,2020-08-05,2021-09-07,Kolkata
465,Vihaan Iyer,59,Other,Finance,Accountant,102991.0,3,2023-03-12,,Chennai
466,Ishaan Reddy,46,Female,Sales,Sales Manager,34014.0,3,2021-10-30,,Hyderabad
467,Pari Reddy,56,Female,Support,Support Engineer,41093.0,5,2016-07-19,,Pune
468,Rudra Nair,29,Other,Finance,Accountant,48070.0,2,2017-05-08,,Chennai
469,Saanvi Singh,58,Other,Marketing,Marketing Manager,65777.0,4,2022-12-19,,Pune
470,Aarav Khan,27,Male,Operations,Operations Manager,86958.0,4,2024-11-03,,Mumbai
471,Sai Reddy,37,Male,HR,HR Executive,112074.0,1,2017-03-29,,Pune
472,Vivaan Nair,49,Male,Support,Customer Support,40729.0,5,2017-04-15,,Kolkata
473,Myra Patel,53,Other,Operations,Operations Analyst,129713.0,3,2023-04-29,,Pune
474,Aanya Khan,24,Male,Operations,Operations Analyst,75017.0,3,2019-04-12,,Mumbai
475,Diya Das,55,Other,Marketing,Marketing Manager,96320.0,5,2024-04-22,,Mumbai
476,Aditya Gupta,32,Other,Support,Support Engineer,57751.0,5,2018-04-19,,Delhi
477,Kabir Gupta,31,Other,Sales,Sales Executive,136400.0,3,2019-10-22,,Delhi
478,Vivaan Gupta,41,Other,Engineering,ML Engineer,135864.0,1,2022-12-16,,Kolkata
479,Saanvi Nair,25,Other,Operations,Operations Manager,108069.0,3,2020-07-02,,Chennai
480,Sai Iyer,55,Other,Finance,Accountant,135647.0,4,2020-11-02,,Delhi
481,Aanya Nair,44,Female,Engineering,Data Analyst,135510.0,2,2024-11-27,,Kolkata
482,Aarav Verma,43,Female,Marketing,Marketing Manager,84748.0,2,2021-04-18,,Pune
483,Aanya Iyer,28,Female,Marketing,SEO Specialist,35801.0,3,2015-06-13,,Chennai
484,Diya Khan,53,Female,Operations,Operations Manager,49190.0,4,2015-04-12,,Delhi
485,Vihaan Gupta,55,Other,Engineering,Data Analyst,79689.0,1,2018-08-05,,Pune
486,Atharv Iyer,27,Male,HR,HR Executive,134290.0,5,2022-07-08,,Kolkata
487,Aditya Gupta,22,Female,Operations,Operations Manager,80993.0,3,2022-04-02,,Delhi
488,Saanvi Verma,57,Male,HR,HR Executive,59592.0,3,2015-08-11,2018-12-24,Hyderabad
489,Aanya Sharma,45,Other,Sales,Sales Manager,40647.0,1,2022-01-25,,Chennai
490,Vivaan Verma,43,Other,HR,HR Executive,38716.0,1,2023-06-24,,Bangalore
491,Myra Iyer,22,Female,Support,Customer Support,118891.0,2,2021-10-20,,Chennai
492,Saanvi Reddy,30,Female,Finance,Accountant,117545.0,3,2023-05-17,,Delhi
493,Saanvi Khan,26,Female,Marketing,SEO Specialist,147638.0,2,2016-05-19,2021-05-07,Pune
494,Pari Gupta,31,Male,Operations,Operations Manager,119912.0,2,2017-05-17,,Chennai
495,Saanvi Singh,56,Male,Support,Customer Support,140627.0,3,2017-03-06,2018-05-02,Pune
496,Aanya Nair,29,Other,HR,HR Manager,100316.0,2,2016-02-07,2022-02-10,Delhi
497,Ira Nair,60,Other,Engineering,Software Engineer,32368.0,3,2017-03-03,,Pune
498,Aanya Iyer,31,Male,Marketing,SEO Specialist,107575.0,3,2021-05-05,,Mumbai
499,Anaya Reddy,44,Male,Support,Support Engineer,36655.0,3,2022-12-27,,Hyderabad
500,Aadhya Khan,27,Male,Sales,Sales Manager,136477.0,5,2019-01-09,,Delhi
501,Saanvi Patel,37,Other,Support,Customer Support,100031.0,1,2024-08-18,,Pune
502,Aarav Das,58,Female,HR,HR Executive,106429.0,5,2024-07-11,,Mumbai
503,Saanvi Singh,30,Female,HR,HR Manager,121083.0,4,2021-02-04,,Mumbai
504,Pari Verma,46,Female,Support,Customer Support,117922.0,5,2016-07-02,,Delhi
505,Sara Gupta,53,Male,Operations,Operations Analyst,85766.0,4,2024-07-05,,Mumbai
506,Diya Sharma,35,Female,Finance,Accountant,43403.0,2,2023-04-03,,Delhi
507,Pari Nair,45,Female,Engineering,Data Engineer,62097.0,4,2017-08-16,2020-06-27,Delhi
508,Pari Reddy,37,Other,HR,HR Manager,108657.0,5,2016-02-27,,Chennai
509,Navya Verma,54,Female,Finance,Financial Analyst,40966.0,4,2022-05-01,,Mumbai
510,Diya Singh,51,Other,Marketing,Marketing Manager,129157.0,1,2018-12-16,,Chennai
511,Pari Reddy,34,Male,Finance,Financial Analyst,148834.0,2,2016-11-09,,Mumbai
512,Aanya Verma,51,Other,Engineering,Software Engineer,123848.0,4,2022-05-31,,Hyderabad
513,Aarav Patel,23,Male,Finance,Accountant,82921.0,5,2022-04-05,,Chennai
514,Navya Gupta,24,Male,Finance,Accountant,79726.0,3,2022-01-22,,Mumbai
515,Aarav Reddy,26,Male,Marketing,Marketing Manager,80300.0,4,2021-09-20,,Chennai
516,Anaya Das,30,Other,Sales,Sales Manager,52677.0,2,2016-11-29,,Chennai
517,Aanya Singh,59,Other,Operations,Operations Manager,85609.0,1,2016-11-17,,Mumbai
518,Pari Khan,47,Male,Sales,Sales Manager,126825.0,5,2016-06-25,2019-04-19,Delhi
519,Saanvi Khan,28,Male,Finance,Financial Analyst,86661.0,4,2021-11-23,,Pune
520,Anaya Khan,47,Female,Finance,Accountant,61024.0,1,2023-09-09,,Pune
521,Aadhya Iyer,43,Other,Marketing,Marketing Manager,138211.0,5,2017-07-28,,Delhi
522,Ishaan Verma,39,Other,Sales,Sales Executive,100313.0,5,2017-11-08,,Hyderabad
523,Aarav Das,54,Male,Engineering,Data Analyst,83006.0,5,2015-01-23,,Delhi
524,Anaya Nair,27,Male,Sales,Sales Executive,125285.0,4,2022-09-18,,Pune
525,Anaya Das,44,Other,Marketing,Marketing Manager,45338.0,3,2017-12-06,,Pune
526,Saanvi Singh,32,Female,Sales,Sales Executive,98027.0,5,2019-08-20,,Chennai
527,Myra Gupta,28,Other,Sales,Sales Manager,122772.0,2,2018-06-10,,Hyderabad
528,Myra Nair,56,Other,Support,Support Engineer,143632.0,1,2016-02-15,,Mumbai
529,Aadhya Das,48,Male,Sales,Sales Executive,110135.0,1,2024-01-08,,Bangalore
530,Myra Iyer,60,Other,Finance,Financial Analyst,49508.0,5,2015-11-24,,Bangalore
531,Aadhya Singh,21,Male,Operations,Operations Analyst,33051.0,5,2023-09-04,,Bangalore
532,Pari Patel,60,Male,Finance,Accountant,78747.0,1,2023-10-17,,Bangalore
533,Myra Nair,46,Female,Finance,Accountant,144692.0,5,2016-10-06,2020-05-28,Mumbai
534,Aditya Khan,39,Other,Marketing,SEO Specialist,117142.0,5,2023-04-07,,Chennai
535,Sara Patel,50,Female,Engineering,Data Engineer,117235.0,5,2024-02-23,,Delhi
536,Saanvi Verma,53,Female,Engineering,Data Analyst,84021.0,3,2019-07-26,,Delhi
537,Navya Reddy,49,Female,Support,Customer Support,96412.0,5,2024-10-28,,Hyderabad
538,Ira Singh,58,Male,Support,Support Engineer,88335.0,4,2023-06-30,,Delhi
539,Ishaan Patel,41,Female,Engineering,Software Engineer,86179.0,3,2019-04-17,,Chennai
540,Ishaan Reddy,26,Female,Marketing,SEO Specialist,62093.0,3,2022-11-10,,Delhi
541,Atharv Das,38,Male,Marketing,SEO Specialist,99678.0,2,2020-05-05,,Hyderabad
542,Kabir Patel,35,Male,Operations,Operations Analyst,110738.0,2,2017-08-19,,Kolkata
543,Vihaan Verma,52,Other,Marketing,Marketing Manager,69734.0,1,2016-09-30,,Kolkata
544,Sara Nair,52,Other,Support,Support Engineer,102615.0,3,2024-07-05,,Hyderabad
545,Navya Gupta,24,Other,Finance,Financial Analyst,103523.0,4,2019-06-18,,Hyderabad
546,Sai Singh,28,Other,Marketing,SEO Specialist,135103.0,5,2020-08-20,,Hyderabad
547,Myra Das,27,Female,Engineering,Software Engineer,124476.0,3,2015-02-18,,Chennai
548,Ishaan Reddy,51,Other,Support,Customer Support,132769.0,3,2017-02-05,,Bangalore
549,Diya Nair,46,Female,Finance,Financial Analyst,47019.0,4,2019-10-03,,Mumbai
550,Vihaan Reddy,36,Other,Marketing,SEO Specialist,141721.0,4,2021-06-16,,Kolkata
551,Arjun Singh,21,Male,Sales,Sales Executive,113613.0,4,2016-08-20,,Hyderabad
552,Kabir Khan,57,Male,Finance,Financial Analyst,121794.0,4,2023-10-22,,Delhi
553,Kabir Singh,27,Female,Operations,Operations Analyst,116672.0,3,2015-09-03,,Bangalore
554,Kabir Nair,22,Female,Engineering,Data Engineer,103847.0,1,2021-04-14,,Bangalore
555,Saanvi Gupta,39,Female,Support,Support Engineer,112750.0,3,2021-06-20,,Pune
556,Aditya Iyer,60,Female,Marketing,Marketing Manager,109634.0,4,2023-09-09,,Pune
557,Aanya Iyer,60,Other,Finance,Accountant,58251.0,4,2022-03-08,,Kolkata
558,Aanya Nair,39,Other,HR,HR Executive,133481.0,3,2016-10-25,,Chennai
559,Diya Das,54,Female,Operations,Operations Manager,142566.0,4,2018-01-16,,Mumbai
560,Kabir Verma,34,Male,Finance,Accountant,55945.0,4,2016-05-27,,Delhi
561,Vivaan Sharma,46,Other,HR,HR Executive,120852.0,1,2024-11-08,,Delhi
562,Myra Reddy,35,Male,Engineering,Data Analyst,62217.0,3,2015-12-12,,Hyderabad
563,Sai Sharma,23,Other,Operations,Operations Analyst,38308.0,3,2016-06-21,,Kolkata
564,Saanvi Reddy,56,Female,Engineering,ML Engineer,35949.0,2,2020-03-28,,Pune
565,Navya Iyer,54,Other,Marketing,SEO Specialist,81990.0,5,2021-08-17,,Bangalore
566,Aditya Singh,40,Female,Engineering,ML Engineer,31150.0,4,2021-01-19,,Bangalore
567,Diya Reddy,51,Other,Finance,Financial Analyst,119480.0,1,2015-02-13,2017-03-12,Pune
568,Rudra Das,35,Male,Sales,Sales Manager,130235.0,5,2018-05-12,2023-09-26,Bangalore
569,Myra Patel,31,Other,Finance,Financial Analyst,104740.0,4,2024-11-22,,Kolkata
570,Pari Das,38,Female,Sales,Sales Executive,146352.0,5,2017-12-13,2021-03-08,Kolkata
571,Sai Gupta,39,Male,Engineering,ML Engineer,96617.0,4,2017-02-09,,Chennai
572,Atharv Nair,22,Male,Sales,Sales Manager,124841.0,1,2022-11-09,,Chennai
573,Arjun Singh,21,Male,HR,HR Executive,46896.0,1,2016-02-23,,Mumbai
574,Rudra Singh,44,Female,HR,HR Manager,76175.0,1,2017-06-08,,Bangalore
575,Myra Verma,55,Female,HR,HR Executive,37805.0,2,2015-08-18,,Mumbai
576,Aarav Verma,36,Female,Support,Customer Support,35237.0,4,2024-03-01,,Mumbai
577,Vihaan Khan,34,Female,Operations,Operations Analyst,145247.0,4,2017-03-26,,Pune
578,Vivaan Khan,54,Male,Engineering,Data Engineer,50056.0,3,2016-10-11,,Hyderabad
579,Vivaan Patel,28,Male,Operations,Operations Manager,75543.0,4,2017-03-24,,Bangalore
580,Vihaan Iyer,36,Male,HR,HR Executive,86556.0,1,2023-11-28,,Chennai
581,Diya Verma,36,Male,Support,Customer Support,144548.0,4,2022-09-20,,Delhi
582,Vivaan Nair,30,Other,Operations,Operations Manager,141488.0,5,2023-07-09,,Kolkata
583,Saanvi Nair,49,Other,HR,HR Executive,33343.0,2,2020-06-21,,Delhi
584,Kabir Sharma,52,Other,Operations,Operations Manager,43500.0,4,2019-01-07,,Chennai
585,Saanvi Nair,41,Other,Engineering,ML Engineer,83222.0,4,2017-02-16,,Bangalore
586,Ira Reddy,37,Other,Support,Support Engineer,59375.0,3,2015-10-10,,Hyderabad
587,Sara Nair,60,Male,HR,HR Manager,39662.0,3,2023-03-25,2023-12-26,Pune
588,Aadhya Khan,30,Other,HR,HR Manager,46964.0,3,2017-02-16,,Bangalore
589,Vivaan Gupta,32,Male,Sales,Sales Manager,143429.0,2,2016-03-28,2017-07-14,Delhi
590,Aadhya Khan,60,Other,Sales,Sales Executive,89638.0,5,2016-02-09,2021-01-04,Bangalore
591,Aditya Sharma,34,Other,HR,HR Manager,103666.0,4,2017-06-23,,Kolkata
592,Diya Khan,47,Female,HR,HR Manager,115067.0,1,2023-12-25,,Kolkata
593,Rudra Verma,34,Other,Marketing,Marketing Manager,148937.0,1,2020-12-06,2022-04-08,Delhi
594,Atharv Khan,36,Other,Operations,Operations Analyst,97215.0,2,2020-12-17,,Chennai
595,Ira Iyer,27,Male,Operations,Operations Manager,99042.0,2,2023-05-15,,Chennai
596,Diya Nair,56,Female,Sales,Sales Manager,43284.0,3,2022-05-17,,Hyderabad
597,Sara Patel,57,Other,Support,Customer Support,102789.0,2,2024-04-06,,Hyderabad
598,Ira Iyer,21,Other,Support,Customer Support,114664.0,1,2019-01-14,,Bangalore
599,Aarav Reddy,35,Male,Marketing,SEO Specialist,123468.0,3,2020-10-21,2024-09-26,Delhi
600,Navya Das,30,Male,Support,Customer Support,91389.0,1,2021-03-17,,Hyderabad
601,Navya Patel,35,Female,Engineering,Data Analyst,39435.0,3,2016-07-20,,Delhi
602,Aditya Nair,51,Male,Marketing,Marketing Manager,84340.0,4,2021-05-19,,Kolkata
603,Vivaan Das,45,Male,Operations,Operations Analyst,74078.0,1,2021-09-04,,Kolkata
604,Anaya Verma,35,Other,Engineering,Data Engineer,108832.0,5,2024-11-12,,Delhi
605,Vivaan Nair,55,Other,Operations,Operations Manager,81293.0,2,2015-08-10,,Bangalore
606,Ira Das,57,Other,Marketing,SEO Specialist,125981.0,1,2016-09-19,2021-09-02,Mumbai
607,Arjun Nair,26,Female,Sales,Sales Manager,108781.0,5,2023-10-26,,Pune
608,Anaya Gupta,29,Female,HR,HR Manager,90403.0,5,2017-12-11,2024-02-13,Mumbai
609,Saanvi Das,54,Male,Sales,Sales Manager,59124.0,2,2022-04-25,,Delhi
610,Navya Verma,28,Other,Engineering,ML Engineer,125435.0,4,2018-08-17,,Hyderabad
611,Sara Sharma,40,Male,Engineering,Data Engineer,73919.0,3,2017-02-19,,Chennai
612,Ishaan Patel,44,Male,Support,Customer Support,138761.0,1,2021-12-27,2023-01-14,Delhi
613,Arjun Reddy,21,Female,Operations,Operations Analyst,65247.0,1,2017-09-22,,Bangalore
614,Saanvi Patel,34,Other,Sales,Sales Manager,124758.0,5,2015-04-04,,Kolkata
615,Arjun Sharma,45,Other,Engineering,ML Engineer,121747.0,5,2021-12-26,,Delhi
616,Sara Reddy,24,Female,Engineering,Data Analyst,92752.0,1,2015-09-04,,Delhi
617,Diya Verma,22,Female,Sales,Sales Manager,86573.0,4,2022-06-08,,Mumbai
618,Sara Khan,26,Male,Sales,Sales Executive,89101.0,2,2018-07-16,,Chennai
619,Pari Reddy,42,Female,Sales,Sales Executive,132756.0,4,2015-06-12,,Pune
620,Diya Reddy,36,Other,Finance,Accountant,56646.0,3,2018-11-21,,Kolkata
621,Aarav Khan,38,Male,HR,HR Manager,134185.0,2,2024-11-08,,Bangalore
622,Pari Das,35,Female,Sales,Sales Executive,53049.0,2,2015-12-26,,Chennai
623,Aanya Singh,55,Male,Finance,Financial Analyst,109605.0,2,2018-07-03,,Pune
624,Arjun Iyer,30,Other,Finance,Accountant,128116.0,5,2024-09-03,,Mumbai
625,Vihaan Gupta,41,Male,Engineering,Software Engineer,127379.0,1,2021-04-01,,Kolkata
626,Kabir Gupta,33,Male,Engineering,ML Engineer,98385.0,2,2019-08-12,,Mumbai
627,Ishaan Das,35,Male,HR,HR Manager,70158.0,1,2021-10-16,,Bangalore
628,Sara Singh,44,Male,HR,HR Manager,95417.0,4,2016-07-03,,Hyderabad
629,Anaya Sharma,38,Female,Sales,Sales Executive,53289.0,2,2016-11-01,2017-09-29,Pune
630,Sai Singh,60,Female,Operations,Operations Analyst,140226.0,3,2023-07-01,,Kolkata
631,Vivaan Das,45,Other,Sales,Sales Executive,130793.0,3,2019-10-18,,Hyderabad
632,Vivaan Patel,54,Other,Marketing,SEO Specialist,39823.0,4,2020-11-02,,Pune
633,Vivaan Patel,39,Female,HR,HR Manager,90160.0,4,2020-10-15,,Bangalore
634,Sara Sharma,54,Male,Support,Customer Support,71975.0,4,2020-03-04,2024-01-08,Kolkata
635,Vihaan Gupta,58,Other,Operations,Operations Manager,39540.0,5,2016-01-06,,Mumbai
636,Sai Singh,58,Other,Sales,Sales Manager,46364.0,2,2018-08-17,,Hyderabad
637,Sai Verma,26,Male,HR,HR Manager,34611.0,4,2018-08-20,,Pune
638,Pari Das,31,Female,Engineering,Software Engineer,57663.0,5,2020-11-15,,Hyderabad
639,Arjun Gupta,30,Male,HR,HR Executive,81991.0,1,2018-10-04,,Hyderabad
640,Ira Reddy,32,Male,Engineering,Data Engineer,87679.0,2,2023-03-10,,Mumbai
641,Aadhya Khan,21,Other,HR,HR Manager,134182.0,4,2015-02-20,,Mumbai
642,Aditya Das,59,Male,Finance,Financial Analyst,60977.0,2,2020-02-02,,Chennai
643,Diya Sharma,30,Male,Engineering,Data Analyst,124704.0,5,2015-07-20,2016-09-17,Kolkata
644,Vivaan Verma,47,Male,Marketing,Marketing Manager,79115.0,2,2018-09-18,,Pune
645,Diya Sharma,26,Female,Engineering,Data Analyst,121007.0,3,2020-02-09,,Bangalore
646,Saanvi Verma,39,Female,Sales,Sales Executive,118223.0,2,2023-07-04,,Delhi
647,Pari Patel,34,Other,Operations,Operations Manager,90890.0,1,2018-09-10,,Delhi
648,Sara Reddy,48,Other,Marketing,SEO Specialist,96387.0,3,2020-06-04,,Bangalore
649,Aadhya Khan,52,Female,Marketing,Marketing Manager,48071.0,2,2016-06-15,,Chennai
650,Ira Verma,34,Other,Finance,Financial Analyst,89275.0,4,2017-03-03,2017-12-26,Hyderabad
651,Atharv Sharma,33,Other,HR,HR Manager,102369.0,3,2018-12-03,,Bangalore
652,Saanvi Nair,21,Male,Support,Support Engineer,41938.0,3,2018-06-14,,Bangalore
653,Aanya Singh,51,Male,Sales,Sales Executive,65195.0,2,2024-05-01,,Hyderabad
654,Aanya Singh,47,Other,Finance,Financial Analyst,121680.0,1,2024-09-13,,Kolkata
655,Aanya Khan,55,Male,Marketing,Marketing Manager,34000.0,2,2021-05-03,,Chennai
656,Diya Verma,30,Female,Operations,Operations Manager,100588.0,1,2023-12-19,,Bangalore
657,Sai Das,28,Female,Sales,Sales Executive,131042.0,3,2021-05-27,,Pune
658,Diya Singh,40,Male,HR,HR Manager,123610.0,5,2019-08-23,2022-11-08,Bangalore
659,Atharv Verma,49,Other,Finance,Accountant,133691.0,1,2019-03-13,,Kolkata
660,Aadhya Khan,40,Female,Sales,Sales Executive,136306.0,2,2017-02-18,,Kolkata
661,Pari Gupta,34,Other,Support,Support Engineer,127856.0,1,2024-03-21,,Hyderabad
662,Vivaan Das,26,Female,Sales,Sales Executive,68304.0,4,2015-01-17,,Delhi
663,Rudra Patel,41,Male,HR,HR Manager,141783.0,2,2015-04-03,,Bangalore
664,Vihaan Reddy,30,Male,Engineering,Data Engineer,99449.0,3,2023-09-01,,Delhi
665,Saanvi Nair,38,Male,HR,HR Executive,112986.0,3,2017-04-26,,Chennai
666,Aanya Khan,49,Male,Finance,Accountant,119643.0,2,2015-10-19,,Delhi
667,Aditya Iyer,46,Male,Sales,Sales Executive,50764.0,5,2016-03-09,,Chennai
668,Aanya Patel,55,Male,Operations,Operations Manager,138940.0,4,2021-11-29,,Chennai
669,Ira Verma,50,Female,Finance,Accountant,116027.0,4,2024-02-12,,Hyderabad
670,Sara Reddy,44,Female,Finance,Accountant,68494.0,2,2016-08-11,,Pune
671,Aanya Singh,52,Male,Operations,Operations Manager,33373.0,1,2023-11-05,,Hyderabad
672,Sai Reddy,43,Other,HR,HR Manager,42161.0,5,2020-05-14,,Mumbai
673,Vihaan Nair,56,Other,Marketing,SEO Specialist,127532.0,1,2019-07-20,,Kolkata
674,Ishaan Das,36,Other,Engineering,ML Engineer,122658.0,2,2019-06-30,,Hyderabad
675,Navya Iyer,48,Other,Sales,Sales Executive,130386.0,3,2018-10-27,,Chennai
676,Aditya Das,52,Male,Operations,Operations Analyst,57350.0,5,2016-12-09,,Chennai
677,Sai Reddy,46,Male,Sales,Sales Manager,123008.0,5,2021-03-23,,Delhi
678,Vivaan Verma,34,Male,Operations,Operations Manager,124297.0,5,2018-09-03,,Kolkata
679,Ira Khan,39,Female,Operations,Operations Analyst,55351.0,5,2023-06-28,2025-09-16,Chennai
680,Aanya Reddy,57,Other,Sales,Sales Executive,118668.0,3,2017-04-22,,Hyderabad
681,Sara Khan,46,Male,Operations,Operations Manager,144585.0,3,2016-01-01,,Delhi
682,Diya Verma,39,Male,Engineering,Software Engineer,45305.0,2,2015-01-04,,Hyderabad
683,Myra Iyer,45,Female,Operations,Operations Manager,105353.0,5,2022-01-04,,Mumbai
684,Myra Nair,47,Male,Operations,Operations Analyst,106797.0,3,2020-04-29,,Kolkata
685,Arjun Singh,48,Male,Operations,Operations Analyst,95953.0,1,2016-07-04,2017-03-25,Mumbai
686,Sara Iyer,60,Male,Operations,Operations Manager,87458.0,4,2024-08-24,,Chennai
687,Sai Iyer,59,Male,Sales,Sales Manager,137112.0,5,2019-04-25,,Hyderabad
688,Anaya Khan,57,Female,Support,Support Engineer,50358.0,1,2022-12-26,,Delhi
689,Navya Singh,26,Male,Marketing,Marketing Manager,33267.0,5,2022-11-27,,Kolkata
690,Pari Das,26,Male,Support,Customer Support,112745.0,4,2020-03-19,,Pune
691,Navya Reddy,60,Male,Operations,Operations Analyst,119588.0,3,2022-09-02,,Chennai
692,Aadhya Das,42,Female,Support,Support Engineer,68513.0,3,2020-04-04,,Kolkata
693,Navya Reddy,24,Other,Engineering,Data Engineer,56092.0,4,2016-11-17,2020-11-01,Chennai
694,Sara Sharma,39,Female,Finance,Accountant,41338.0,1,2022-05-12,,Mumbai
695,Kabir Gupta,60,Female,Marketing,SEO Specialist,30412.0,3,2024-07-19,,Kolkata
696,Navya Gupta,49,Female,Engineering,Software Engineer,37543.0,2,2023-04-25,2025-10-26,Bangalore
697,Vivaan Nair,26,Male,Support,Support Engineer,135891.0,5,2020-06-09,,Kolkata
698,Myra Patel,49,Other,Finance,Financial Analyst,63496.0,2,2023-06-11,,Mumbai
699,Vihaan Sharma,31,Female,Marketing,Marketing Manager,90692.0,4,2015-08-11,,Hyderabad
700,Saanvi Patel,45,Other,Engineering,ML Engineer,119084.0,4,2023-05-15,,Hyderabad
701,Aarav Reddy,49,Female,Engineering,Data Analyst,122920.0,3,2020-12-12,,Chennai
702,Diya Iyer,60,Other,Operations,Operations Analyst,74425.0,3,2016-02-03,,Bangalore
703,Ira Patel,58,Male,Engineering,Data Engineer,68756.0,5,2023-12-31,,Bangalore
704,Aarav Verma,21,Female,Operations,Operations Analyst,48888.0,1,2018-07-07,,Chennai
705,Rudra Reddy,33,Male,HR,HR Manager,65735.0,1,2018-12-10,,Chennai
706,Atharv Das,28,Other,HR,HR Executive,77295.0,1,2021-08-30,,Delhi
707,Navya Gupta,28,Other,Support,Support Engineer,147474.0,2,2019-03-20,,Bangalore
708,Ira Reddy,48,Other,Engineering,ML Engineer,144352.0,3,2022-05-29,,Bangalore
709,Myra Iyer,42,Male,Finance,Accountant,113042.0,3,2018-02-09,,Kolkata
710,Sara Iyer,32,Other,Engineering,Data Analyst,115999.0,4,2019-12-10,2022-09-26,Delhi
711,Vihaan Singh,37,Male,Finance,Financial Analyst,47955.0,1,2017-06-13,,Delhi
712,Aadhya Gupta,21,Male,HR,HR Manager,67841.0,4,2023-09-19,,Bangalore
713,Pari Singh,51,Female,Finance,Financial Analyst,100640.0,4,2019-05-22,,Kolkata
714,Myra Singh,28,Other,Operations,Operations Analyst,95510.0,5,2021-01-21,,Bangalore
715,Diya Khan,42,Male,Engineering,Data Engineer,64911.0,4,2019-06-29,2021-01-20,Kolkata
716,Saanvi Sharma,45,Other,Support,Customer Support,89031.0,2,2022-04-07,,Bangalore
717,Diya Singh,26,Other,Operations,Operations Manager,118726.0,4,2016-03-13,,Pune
718,Aadhya Iyer,25,Other,Finance,Accountant,37357.0,3,2015-05-27,2018-08-15,Hyderabad
719,Aanya Sharma,46,Male,Marketing,Marketing Manager,62479.0,2,2015-03-09,2016-05-11,Kolkata
720,Saanvi Gupta,58,Male,Operations,Operations Manager,91476.0,1,2022-08-09,,Delhi
721,Aadhya Das,23,Male,Operations,Operations Analyst,74811.0,2,2020-06-25,,Delhi
722,Vihaan Singh,60,Male,Finance,Accountant,66208.0,5,2018-06-12,,Delhi
723,Sara Patel,25,Male,Support,Support Engineer,50150.0,4,2016-04-12,,Bangalore
724,Arjun Nair,34,Male,Support,Customer Support,101180.0,5,2018-08-21,2025-04-21,Mumbai
725,Anaya Gupta,44,Other,Engineering,Software Engineer,73286.0,2,2016-05-09,,Hyderabad
726,Sai Sharma,52,Male,Finance,Accountant,142856.0,1,2016-06-30,2021-04-05,Delhi
727,Rudra Iyer,51,Other,Finance,Accountant,98450.0,2,2022-12-04,,Mumbai
728,Ishaan Gupta,60,Other,Finance,Financial Analyst,51352.0,1,2020-11-12,,Chennai
729,Rudra Nair,47,Male,Finance,Financial Analyst,85069.0,5,2021-11-11,,Mumbai
730,Sara Nair,55,Other,Finance,Accountant,141888.0,2,2020-12-11,,Hyderabad
731,Arjun Singh,52,Male,Support,Support Engineer,140448.0,2,2018-02-06,2019-11-29,Pune
732,Atharv Iyer,37,Female,HR,HR Executive,44397.0,5,2022-03-26,,Kolkata
733,Saanvi Gupta,31,Male,Support,Customer Support,71555.0,4,2015-06-27,2016-08-14,Chennai
734,Navya Das,41,Female,HR,HR Executive,76959.0,2,2017-08-21,,Pune
735,Aanya Patel,27,Male,Operations,Operations Manager,30728.0,4,2017-07-31,,Kolkata
736,Aadhya Das,52,Male,Finance,Financial Analyst,80517.0,4,2024-12-30,,Mumbai
737,Arjun Singh,33,Other,Finance,Financial Analyst,149180.0,3,2016-12-30,,Bangalore
738,Kabir Gupta,28,Female,Finance,Financial Analyst,96234.0,4,2016-06-05,2017-08-23,Hyderabad
739,Sara Gupta,60,Male,Finance,Financial Analyst,69954.0,5,2017-06-19,,Chennai
740,Pari Singh,34,Other,Support,Support Engineer,77280.0,4,2015-12-21,,Kolkata
741,Ishaan Patel,41,Female,Sales,Sales Manager,109459.0,5,2015-03-01,,Mumbai
742,Anaya Sharma,23,Female,Marketing,SEO Specialist,46779.0,5,2021-06-07,,Delhi
743,Vihaan Singh,52,Male,Sales,Sales Manager,93932.0,1,2020-05-17,,Chennai
744,Atharv Gupta,43,Female,Support,Support Engineer,102936.0,2,2022-10-10,,Pune
745,Sai Singh,57,Other,HR,HR Executive,54466.0,5,2020-05-19,,Delhi
746,Sai Nair,50,Other,Sales,Sales Manager,66939.0,1,2023-08-28,,Kolkata
747,Aanya Khan,23,Female,Operations,Operations Analyst,99896.0,4,2019-04-26,,Kolkata
748,Sara Nair,24,Other,Engineering,Data Analyst,65270.0,3,2023-11-01,,Delhi
749,Vivaan Nair,44,Male,HR,HR Manager,89163.0,5,2019-02-06,,Pune
750,Ishaan Khan,28,Other,HR,HR Executive,112637.0,4,2016-07-20,,Pune
751,Ishaan Nair,43,Female,Support,Support Engineer,81934.0,5,2023-06-12,,Pune
752,Ira Singh,53,Other,Sales,Sales Manager,94895.0,1,2015-08-12,2020-01-12,Hyderabad
753,Aditya Patel,50,Male,Operations,Operations Manager,62307.0,1,2020-01-26,,Hyderabad
754,Vihaan Gupta,52,Male,Finance,Financial Analyst,84098.0,2,2015-11-12,2019-07-04,Chennai
755,Saanvi Gupta,51,Female,Operations,Operations Analyst,90921.0,4,2018-04-15,,Hyderabad
756,Ishaan Khan,42,Female,Operations,Operations Analyst,35486.0,5,2018-04-09,2019-01-24,Bangalore
757,Pari Khan,49,Female,Operations,Operations Manager,38335.0,3,2020-06-14,,Chennai
758,Ishaan Singh,44,Female,Finance,Financial Analyst,116900.0,1,2016-12-04,,Mumbai
759,Sara Gupta,55,Female,Engineering,Data Engineer,132795.0,2,2020-02-11,,Mumbai
760,Vivaan Nair,57,Male,Support,Support Engineer,119112.0,4,2016-10-22,,Bangalore
761,Vivaan Nair,43,Male,Engineering,Data Analyst,127203.0,3,2017-04-20,,Hyderabad
762,Aarav Iyer,52,Male,Marketing,SEO Specialist,41130.0,4,2020-12-25,,Bangalore
763,Pari Nair,39,Female,Finance,Accountant,117508.0,3,2023-04-13,,Kolkata
764,Ira Nair,28,Other,Marketing,SEO Specialist,135955.0,4,2023-12-20,,Delhi
765,Ira Nair,26,Female,Finance,Accountant,148324.0,1,2018-06-15,2021-06-21,Chennai
766,Kabir Patel,22,Male,Operations,Operations Analyst,90566.0,5,2021-07-17,,Kolkata
767,Aadhya Nair,59,Other,Sales,Sales Executive,96703.0,5,2020-09-27,,Delhi
768,Diya Iyer,44,Male,Operations,Operations Manager,57192.0,3,2019-06-17,2024-10-19,Bangalore
769,Aditya Patel,49,Other,Engineering,Data Engineer,31062.0,4,2019-12-31,,Kolkata
770,Anaya Iyer,29,Other,Sales,Sales Manager,114076.0,5,2016-11-01,,Delhi
771,Pari Nair,25,Other,Finance,Accountant,119780.0,4,2018-05-27,,Delhi
772,Anaya Gupta,56,Female,HR,HR Manager,51545.0,5,2022-03-01,,Kolkata
773,Rudra Khan,52,Male,Finance,Accountant,51689.0,3,2017-01-31,,Kolkata
774,Ira Patel,22,Male,Marketing,Marketing Manager,41174.0,2,2020-07-16,,Bangalore
775,Rudra Iyer,32,Female,Engineering,ML Engineer,118461.0,2,2016-05-23,,Delhi
776,Aditya Das,44,Other,HR,HR Manager,133033.0,4,2020-07-12,,Chennai
777,Vihaan Nair,53,Other,Sales,Sales Manager,39348.0,5,2022-01-16,,Delhi
778,Arjun Nair,50,Other,Support,Customer Support,53714.0,2,2016-10-29,,Bangalore
779,Diya Sharma,39,Female,Finance,Accountant,68102.0,5,2018-01-21,,Pune
780,Vihaan Das,31,Other,HR,HR Executive,104460.0,3,2023-08-06,,Kolkata
781,Diya Verma,55,Other,Engineering,Data Engineer,132634.0,3,2018-01-16,,Kolkata
782,Diya Singh,47,Female,Finance,Accountant,119930.0,2,2016-07-14,,Delhi
783,Atharv Khan,60,Other,Finance,Accountant,36801.0,5,2020-08-23,,Kolkata
784,Aditya Verma,29,Male,Marketing,SEO Specialist,133150.0,4,2019-09-06,,Bangalore
785,Sara Khan,42,Male,Engineering,Data Engineer,102267.0,3,2016-07-23,,Delhi
786,Ishaan Reddy,29,Male,Operations,Operations Analyst,78136.0,2,2017-06-29,2019-08-21,Delhi
787,Anaya Sharma,33,Male,Sales,Sales Executive,53625.0,1,2015-11-15,2021-11-06,Kolkata
788,Vivaan Verma,40,Other,Operations,Operations Analyst,112873.0,1,2020-04-05,2023-08-24,Kolkata
789,Atharv Gupta,43,Male,HR,HR Executive,130843.0,1,2021-09-30,,Mumbai
790,Sai Khan,60,Male,Support,Customer Support,102592.0,5,2021-07-02,,Chennai
791,Aarav Khan,34,Other,HR,HR Executive,107052.0,2,2024-03-11,,Bangalore
792,Pari Singh,44,Other,Finance,Accountant,74261.0,5,2023-02-19,,Mumbai
793,Myra Iyer,34,Other,Sales,Sales Executive,31542.0,2,2017-01-10,,Hyderabad
794,Pari Gupta,52,Female,HR,HR Manager,51677.0,3,2016-05-21,,Chennai
795,Vihaan Iyer,39,Female,Operations,Operations Analyst,76732.0,5,2015-12-03,,Pune
796,Rudra Iyer,33,Male,Engineering,ML Engineer,80343.0,4,2017-07-14,,Pune
797,Aadhya Verma,46,Female,Engineering,Data Analyst,69081.0,5,2015-02-22,,Pune
798,Navya Verma,31,Male,Operations,Operations Analyst,92856.0,3,2016-05-03,2021-05-17,Mumbai
799,Myra Verma,35,Female,Engineering,Data Analyst,123105.0,4,2021-09-02,,Bangalore
800,Myra Nair,51,Other,Support,Customer Support,118858.0,5,2023-06-25,,Hyderabad
801,Vihaan Verma,37,Female,Sales,Sales Manager,49065.0,4,2016-08-26,,Mumbai
802,Aditya Singh,22,Male,Operations,Operations Analyst,113460.0,4,2015-05-02,2016-06-21,Chennai
803,Sara Verma,25,Other,Operations,Operations Manager,118092.0,5,2016-09-17,,Kolkata
804,Aadhya Singh,53,Female,Sales,Sales Manager,84693.0,5,2017-04-07,,Bangalore
805,Vihaan Iyer,49,Female,Support,Support Engineer,56962.0,4,2023-07-27,,Hyderabad
806,Sai Singh,48,Male,Sales,Sales Executive,58295.0,3,2015-05-15,2019-04-25,Pune
807,Saanvi Khan,57,Female,Sales,Sales Manager,43807.0,4,2023-07-27,,Chennai
808,Aadhya Das,45,Other,Support,Support Engineer,72348.0,3,2020-09-06,2024-03-07,Kolkata
809,Arjun Nair,43,Other,Engineering,Data Engineer,56432.0,5,2015-09-09,2016-09-27,Delhi
810,Diya Iyer,43,Male,Support,Customer Support,113285.0,2,2019-04-08,2023-09-07,Mumbai
811,Rudra Verma,42,Male,Finance,Financial Analyst,136995.0,1,2021-08-24,2022-12-05,Chennai
812,Anaya Das,53,Female,Engineering,Software Engineer,121792.0,3,2020-03-02,,Delhi
813,Myra Das,45,Female,Operations,Operations Manager,87854.0,5,2021-08-05,2025-09-09,Delhi
814,Atharv Nair,52,Other,Support,Customer Support,70262.0,3,2016-02-14,,Mumbai
815,Atharv Singh,25,Other,Marketing,Marketing Manager,67080.0,2,2019-01-28,,Bangalore
816,Myra Patel,60,Other,Engineering,Software Engineer,31324.0,1,2018-05-02,,Pune
817,Aditya Das,54,Female,Support,Support Engineer,121267.0,4,2021-08-21,,Mumbai
818,Pari Reddy,48,Other,Engineering,Software Engineer,65909.0,5,2022-04-22,,Bangalore
819,Pari Singh,56,Male,Finance,Financial Analyst,119339.0,1,2019-07-06,,Pune
820,Ira Reddy,55,Other,Operations,Operations Analyst,49870.0,4,2021-06-20,,Chennai
821,Ira Gupta,36,Male,Operations,Operations Analyst,64578.0,3,2020-11-09,,Kolkata
822,Aditya Patel,47,Female,Sales,Sales Manager,102124.0,3,2018-07-29,,Pune
823,Myra Patel,28,Male,Finance,Financial Analyst,147611.0,2,2022-09-14,,Delhi
824,Anaya Iyer,23,Male,Finance,Financial Analyst,133605.0,2,2020-03-16,,Bangalore
825,Kabir Khan,32,Other,Finance,Accountant,56790.0,1,2017-11-24,,Pune
826,Aditya Nair,59,Female,Sales,Sales Executive,148874.0,1,2015-08-15,,Hyderabad
827,Arjun Patel,28,Other,Engineering,Software Engineer,55289.0,5,2019-06-14,,Delhi
828,Ishaan Das,28,Female,Marketing,Marketing Manager,85129.0,3,2020-07-26,,Kolkata
829,Ishaan Iyer,34,Male,Marketing,Marketing Manager,123714.0,1,2024-01-14,,Mumbai
830,Navya Sharma,52,Other,Finance,Financial Analyst,124246.0,3,2019-12-06,,Pune
831,Ishaan Reddy,30,Female,HR,HR Manager,45485.0,4,2021-02-13,,Pune
832,Sara Sharma,24,Other,Engineering,Data Engineer,74482.0,2,2015-03-28,,Bangalore
833,Diya Verma,55,Male,Marketing,Marketing Manager,116188.0,4,2018-06-20,,Hyderabad
834,Ishaan Reddy,34,Male,HR,HR Manager,34748.0,4,2017-11-12,,Pune
835,Aadhya Singh,47,Female,Engineering,ML Engineer,116769.0,4,2023-11-08,2025-04-19,Kolkata
836,Aditya Nair,47,Other,HR,HR Executive,39435.0,5,2022-10-31,,Pune
837,Sai Singh,29,Male,Engineering,ML Engineer,33709.0,4,2022-10-18,2023-12-05,Mumbai
838,Vihaan Gupta,36,Other,Operations,Operations Manager,60355.0,2,2018-07-09,,Kolkata
839,Ira Singh,29,Female,Marketing,Marketing Manager,85771.0,2,2023-11-21,,Pune
840,Aditya Iyer,44,Male,Marketing,Marketing Manager,87799.0,4,2023-12-19,,Hyderabad
841,Saanvi Das,35,Male,Support,Support Engineer,43116.0,4,2015-03-26,,Mumbai
842,Anaya Das,37,Male,Engineering,Data Analyst,55470.0,1,2015-07-23,,Bangalore
843,Anaya Singh,52,Male,Finance,Accountant,72344.0,2,2015-02-27,,Pune
844,Kabir Reddy,52,Female,Finance,Accountant,72918.0,2,2024-08-31,,Hyderabad
845,Rudra Patel,47,Male,Support,Support Engineer,82224.0,4,2021-09-23,,Kolkata
846,Ishaan Das,49,Male,Finance,Accountant,69298.0,3,2018-04-03,,Chennai
847,Aanya Iyer,34,Other,Operations,Operations Manager,138492.0,4,2015-12-18,2018-01-01,Pune
848,Vivaan Nair,36,Female,Sales,Sales Manager,110219.0,3,2015-10-27,2017-01-09,Chennai
849,Sara Iyer,40,Female,Operations,Operations Analyst,91629.0,3,2015-01-22,,Mumbai
850,Pari Singh,42,Female,Marketing,SEO Specialist,96040.0,2,2021-07-05,2023-12-17,Delhi
851,Aanya Sharma,29,Female,Engineering,ML Engineer,129518.0,3,2016-08-03,,Pune
852,Kabir Das,37,Other,Engineering,ML Engineer,129835.0,3,2018-03-04,,Hyderabad
853,Arjun Khan,49,Male,Finance,Financial Analyst,58016.0,2,2023-04-07,,Mumbai
854,Sai Singh,48,Male,HR,HR Executive,53960.0,4,2017-01-20,2020-07-08,Delhi
855,Ira Singh,28,Other,Sales,Sales Manager,63591.0,2,2022-12-14,,Delhi
856,Sai Gupta,53,Female,Engineering,Software Engineer,112848.0,5,2017-04-14,,Pune
857,Aarav Khan,57,Male,Marketing,SEO Specialist,133333.0,4,2021-07-18,,Delhi
858,Aarav Reddy,28,Female,Finance,Financial Analyst,141732.0,3,2022-08-04,,Chennai
859,Aadhya Singh,38,Other,HR,HR Manager,144821.0,1,2016-09-21,2022-06-07,Bangalore
860,Navya Gupta,34,Male,HR,HR Manager,97641.0,3,2018-08-23,,Bangalore
861,Aditya Iyer,37,Male,Support,Support Engineer,66395.0,2,2023-05-05,,Kolkata
862,Sai Iyer,46,Female,Support,Customer Support,141276.0,2,2016-01-01,2018-11-18,Delhi
863,Rudra Das,29,Female,Engineering,ML Engineer,52700.0,1,2023-12-26,,Kolkata
864,Myra Singh,38,Other,Engineering,Data Analyst,64620.0,5,2020-06-28,,Hyderabad
865,Sai Iyer,48,Male,HR,HR Manager,133214.0,1,2024-02-04,,Chennai
866,Arjun Singh,54,Other,Engineering,ML Engineer,50559.0,5,2022-08-02,,Delhi
867,Rudra Gupta,29,Other,Engineering,ML Engineer,123045.0,3,2019-11-27,2025-10-22,Kolkata
868,Saanvi Verma,23,Other,Finance,Financial Analyst,123396.0,1,2018-04-25,,Chennai
869,Navya Reddy,43,Female,Sales,Sales Manager,91642.0,5,2016-01-23,,Delhi
870,Ira Gupta,32,Female,Support,Support Engineer,106539.0,1,2016-04-11,,Delhi
871,Ira Singh,60,Female,Sales,Sales Manager,51732.0,3,2018-07-09,,Kolkata
872,Vihaan Iyer,55,Male,Support,Support Engineer,121362.0,1,2017-05-14,2020-10-27,Hyderabad
873,Ira Iyer,59,Other,HR,HR Executive,60354.0,4,2016-12-04,,Bangalore
874,Myra Reddy,26,Male,Marketing,Marketing Manager,43843.0,2,2022-09-29,,Delhi
875,Aarav Patel,51,Other,Finance,Accountant,140008.0,2,2024-02-25,,Pune
876,Saanvi Patel,26,Female,Finance,Financial Analyst,144065.0,4,2024-06-11,,Mumbai
877,Ira Singh,51,Male,Sales,Sales Manager,101726.0,4,2015-03-31,2017-07-02,Chennai
878,Myra Sharma,42,Male,Finance,Accountant,47640.0,1,2018-04-22,,Pune
879,Navya Das,56,Female,Support,Customer Support,82528.0,1,2019-08-30,,Hyderabad
880,Sara Singh,35,Other,Sales,Sales Manager,68413.0,1,2020-10-03,,Chennai
881,Aditya Reddy,47,Female,HR,HR Manager,82638.0,1,2021-06-18,,Hyderabad
882,Aarav Gupta,39,Other,Marketing,Marketing Manager,82736.0,2,2020-01-11,,Hyderabad
883,Navya Nair,59,Other,Engineering,ML Engineer,137892.0,4,2017-08-08,,Mumbai
884,Diya Singh,31,Other,Engineering,ML Engineer,140133.0,2,2019-09-04,,Bangalore
885,Sai Patel,31,Other,Operations,Operations Analyst,136357.0,4,2022-06-25,,Delhi
886,Atharv Khan,24,Male,Support,Customer Support,98866.0,3,2020-07-15,,Bangalore
887,Pari Sharma,25,Female,Engineering,Data Analyst,49087.0,4,2016-12-16,,Delhi
888,Aadhya Reddy,42,Female,Marketing,SEO Specialist,71430.0,1,2016-05-09,,Kolkata
889,Pari Das,27,Other,Marketing,Marketing Manager,54504.0,1,2016-09-11,,Hyderabad
890,Vihaan Das,60,Male,Support,Customer Support,37114.0,5,2024-06-09,,Delhi
891,Atharv Nair,31,Other,Marketing,SEO Specialist,108859.0,3,2016-11-15,,Pune
892,Arjun Nair,42,Male,Sales,Sales Manager,129657.0,1,2023-03-20,,Kolkata
893,Aarav Patel,51,Female,Finance,Financial Analyst,40975.0,3,2019-08-30,,Chennai
894,Anaya Nair,36,Male,Finance,Accountant,41023.0,5,2017-12-25,,Hyderabad
895,Anaya Iyer,50,Other,Support,Support Engineer,51447.0,3,2016-07-19,,Delhi
896,Aditya Verma,42,Female,Sales,Sales Executive,120469.0,4,2023-08-21,,Kolkata
897,Vivaan Gupta,57,Male,Finance,Financial Analyst,53959.0,5,2015-09-09,,Bangalore
898,Saanvi Reddy,41,Female,Sales,Sales Manager,96203.0,1,2024-12-07,,Kolkata
899,Atharv Khan,60,Other,Engineering,Data Analyst,149156.0,4,2022-11-08,,Pune
900,Aditya Sharma,55,Female,Engineering,ML Engineer,59703.0,4,2023-09-12,,Pune
901,Rudra Patel,26,Other,Operations,Operations Analyst,39337.0,5,2020-11-01,,Bangalore
902,Aarav Sharma,55,Other,Marketing,Marketing Manager,76427.0,3,2023-06-28,,Mumbai
903,Pari Verma,24,Female,Support,Customer Support,91529.0,3,2023-02-23,,Pune
904,Ira Reddy,57,Other,Marketing,Marketing Manager,132023.0,1,2016-05-22,2018-05-02,Hyderabad
905,Navya Das,55,Other,Engineering,Data Analyst,114665.0,2,2024-01-12,,Bangalore
906,Navya Gupta,45,Other,Engineering,Data Engineer,135787.0,2,2022-06-24,,Delhi
907,Ira Verma,30,Other,Engineering,Data Analyst,61921.0,4,2024-03-24,,Kolkata
908,Aadhya Patel,49,Male,Sales,Sales Executive,63307.0,3,2016-01-13,2018-01-14,Pune
909,Myra Reddy,58,Female,Marketing,Marketing Manager,57355.0,4,2021-08-06,,Hyderabad
910,Sai Gupta,53,Male,Operations,Operations Manager,133268.0,4,2023-03-17,,Pune
911,Pari Verma,34,Female,Sales,Sales Executive,34835.0,4,2022-11-25,,Delhi
912,Vihaan Das,47,Male,Operations,Operations Analyst,50159.0,1,2021-04-08,,Bangalore
913,Vihaan Nair,40,Female,Marketing,Marketing Manager,134346.0,3,2015-06-14,,Bangalore
914,Vivaan Reddy,39,Male,Sales,Sales Executive,77605.0,2,2023-11-15,,Kolkata
915,Aditya Sharma,47,Female,Operations,Operations Manager,135616.0,5,2015-01-09,2019-06-25,Bangalore
916,Aadhya Das,29,Male,Marketing,Marketing Manager,68088.0,5,2018-10-15,,Pune
917,Aanya Verma,60,Other,Sales,Sales Manager,108752.0,5,2022-06-25,,Hyderabad
918,Vivaan Singh,38,Other,Sales,Sales Executive,85284.0,1,2019-06-08,,Kolkata
919,Rudra Khan,28,Other,Finance,Accountant,87043.0,5,2021-05-31,,Delhi
920,Aadhya Khan,22,Male,Finance,Accountant,65547.0,5,2021-05-24,,Mumbai
921,Navya Singh,26,Other,HR,HR Manager,127007.0,5,2023-10-28,,Bangalore
922,Aarav Nair,48,Male,Sales,Sales Executive,112844.0,4,2020-07-06,,Delhi
923,Vihaan Verma,55,Male,Support,Customer Support,57532.0,3,2019-04-14,,Mumbai
924,Anaya Gupta,24,Other,Finance,Financial Analyst,64349.0,3,2023-08-13,,Mumbai
925,Aanya Gupta,47,Female,HR,HR Executive,148012.0,3,2018-05-05,,Hyderabad
926,Sara Das,36,Female,Support,Support Engineer,75445.0,5,2015-08-01,,Kolkata
927,Aanya Singh,56,Female,Marketing,Marketing Manager,35713.0,1,2016-04-16,,Hyderabad
928,Aarav Reddy,56,Other,HR,HR Manager,86178.0,1,2022-02-07,,Mumbai
929,Ira Verma,53,Male,Support,Support Engineer,79407.0,2,2018-06-01,,Bangalore
930,Anaya Khan,49,Male,Marketing,SEO Specialist,100340.0,1,2023-10-09,,Kolkata
931,Aarav Sharma,51,Female,Sales,Sales Manager,80990.0,5,2022-04-28,,Bangalore
932,Atharv Das,53,Female,Support,Customer Support,105672.0,1,2018-12-10,,Mumbai
933,Arjun Khan,38,Female,Operations,Operations Analyst,95545.0,2,2018-05-16,2020-04-18,Chennai
934,Aanya Reddy,49,Female,Marketing,Marketing Manager,114791.0,2,2024-11-29,,Pune
935,Sara Nair,22,Other,Engineering,Data Engineer,88141.0,2,2017-05-12,,Pune
936,Sai Iyer,56,Other,HR,HR Manager,53793.0,4,2015-01-18,,Kolkata
937,Aditya Khan,22,Other,Sales,Sales Executive,86570.0,4,2023-10-30,,Pune
938,Sara Nair,45,Male,HR,HR Manager,125084.0,1,2024-02-12,,Delhi
939,Ishaan Sharma,38,Other,Sales,Sales Manager,67892.0,3,2017-03-01,,Mumbai
940,Ishaan Singh,44,Male,HR,HR Manager,31015.0,3,2024-01-25,,Hyderabad
941,Vihaan Reddy,57,Other,Operations,Operations Analyst,91813.0,4,2015-01-30,2020-01-26,Mumbai
942,Sara Das,32,Male,Marketing,SEO Specialist,57712.0,5,2022-05-26,,Mumbai
943,Navya Patel,54,Other,Operations,Operations Analyst,130497.0,3,2016-06-05,,Mumbai
944,Sara Reddy,56,Female,Support,Support Engineer,38415.0,1,2022-10-09,,Hyderabad
945,Anaya Iyer,38,Male,Operations,Operations Analyst,141854.0,5,2024-07-29,,Hyderabad
946,Ishaan Sharma,38,Female,Sales,Sales Manager,142816.0,5,2020-10-19,,Hyderabad
947,Navya Sharma,35,Other,Engineering,Software Engineer,92292.0,4,2019-05-25,2020-11-10,Delhi
948,Aditya Verma,22,Female,Finance,Accountant,53833.0,4,2016-11-04,,Kolkata
949,Vihaan Singh,36,Female,HR,HR Manager,34158.0,1,2024-06-04,,Kolkata
950,Sara Singh,27,Other,Engineering,Data Analyst,92680.0,4,2015-10-26,,Chennai
951,Myra Nair,25,Male,HR,HR Executive,50309.0,1,2015-09-06,,Kolkata
952,Anaya Verma,27,Other,Sales,Sales Executive,36970.0,1,2018-05-19,,Chennai
953,Vihaan Das,47,Male,HR,HR Manager,102474.0,5,2024-07-13,,Kolkata
954,Anaya Das,60,Male,Operations,Operations Analyst,116704.0,3,2020-02-01,,Pune
955,Navya Patel,27,Male,Operations,Operations Analyst,76540.0,1,2020-02-03,,Chennai
956,Atharv Das,29,Other,Operations,Operations Analyst,50384.0,5,2021-08-25,,Bangalore
957,Ira Gupta,36,Male,Engineering,ML Engineer,48017.0,1,2020-05-25,,Delhi
958,Diya Reddy,58,Other,Finance,Financial Analyst,105880.0,2,2021-07-22,,Mumbai
959,Diya Sharma,54,Other,Sales,Sales Manager,135570.0,2,2021-10-07,,Delhi
960,Atharv Patel,25,Female,Finance,Accountant,38702.0,2,2019-09-25,,Pune
961,Navya Das,42,Other,Sales,Sales Manager,30384.0,3,2021-09-22,,Hyderabad
962,Vivaan Singh,35,Male,Engineering,Data Analyst,30404.0,2,2016-03-05,,Pune
963,Aadhya Nair,45,Male,Finance,Financial Analyst,70943.0,4,2021-12-30,,Mumbai
964,Aarav Khan,28,Male,Support,Support Engineer,77926.0,3,2019-01-26,2023-08-18,Hyderabad
965,Atharv Patel,39,Male,Finance,Financial Analyst,59189.0,2,2015-06-29,,Bangalore
966,Ishaan Gupta,33,Male,Operations,Operations Analyst,42763.0,2,2018-10-23,,Kolkata
967,Arjun Iyer,28,Female,Engineering,Software Engineer,48384.0,2,2015-03-27,,Bangalore
968,Sai Khan,60,Female,Sales,Sales Executive,90100.0,1,2019-02-23,,Delhi
969,Myra Nair,41,Other,Finance,Accountant,128142.0,4,2023-11-30,,Pune
970,Atharv Khan,39,Male,Finance,Accountant,39860.0,3,2023-07-23,,Mumbai
971,Navya Singh,34,Other,HR,HR Manager,134293.0,1,2024-10-15,,Kolkata
972,Pari Nair,52,Other,Sales,Sales Executive,110642.0,4,2016-11-16,,Mumbai
973,Aadhya Singh,38,Other,Engineering,Data Engineer,80612.0,4,2020-11-22,,Pune
974,Atharv Singh,36,Female,Support,Support Engineer,53574.0,2,2017-04-28,,Bangalore
975,Kabir Khan,26,Male,Sales,Sales Manager,53524.0,1,2021-05-29,,Bangalore
976,Ira Khan,60,Female,Sales,Sales Manager,99172.0,4,2017-07-31,,Hyderabad
977,Aadhya Nair,38,Female,Sales,Sales Manager,40916.0,1,2019-08-03,,Mumbai
978,Diya Verma,39,Other,Sales,Sales Executive,34809.0,5,2017-12-23,,Chennai
979,Ishaan Verma,28,Male,Operations,Operations Analyst,62201.0,3,2023-10-24,,Delhi
980,Kabir Reddy,38,Male,Marketing,SEO Specialist,83330.0,5,2018-09-29,2022-12-25,Mumbai
981,Rudra Nair,46,Female,Support,Customer Support,43456.0,5,2015-02-04,,Kolkata
982,Arjun Iyer,35,Male,Operations,Operations Analyst,143748.0,2,2020-04-17,,Hyderabad
983,Aanya Verma,41,Male,Finance,Financial Analyst,86397.0,4,2023-02-07,,Kolkata
984,Saanvi Sharma,44,Male,Operations,Operations Manager,68765.0,5,2017-05-08,,Kolkata
985,Aanya Patel,47,Female,Finance,Financial Analyst,64816.0,4,2023-04-11,,Kolkata
986,Navya Sharma,29,Male,Support,Customer Support,75106.0,3,2018-08-28,,Chennai
987,Myra Verma,55,Female,Operations,Operations Manager,83932.0,2,2019-04-11,,Hyderabad
988,Rudra Verma,31,Male,HR,HR Manager,47100.0,5,2021-05-21,,Mumbai
989,Myra Reddy,34,Male,HR,HR Manager,87091.0,3,2015-04-20,2016-08-16,Pune
990,Aarav Gupta,41,Female,Marketing,SEO Specialist,51949.0,4,2020-02-06,,Mumbai
991,Aditya Iyer,34,Male,HR,HR Executive,100080.0,2,2021-01-06,,Bangalore
992,Rudra Das,33,Other,Sales,Sales Manager,67744.0,4,2016-10-12,,Bangalore
993,Myra Das,36,Other,Finance,Accountant,75543.0,3,2016-08-07,,Chennai
994,Aditya Reddy,50,Female,Sales,Sales Manager,138319.0,3,2020-03-10,,Hyderabad
995,Sara Iyer,50,Female,Marketing,SEO Specialist,122193.0,2,2019-08-28,,Pune
996,Vivaan Patel,31,Female,Marketing,SEO Specialist,66187.0,5,2019-05-31,,Bangalore
997,Atharv Singh,47,Other,Operations,Operations Analyst,142734.0,1,2022-10-30,,Bangalore
998,Aanya Iyer,49,Male,HR,HR Executive,37239.0,3,2020-08-28,,Mumbai
999,Myra Nair,46,Male,Marketing,SEO Specialist,44489.0,4,2020-03-08,,Delhi
1000,Arjun Nair,50,Female,HR,HR Manager,144937.0,4,2016-04-14,,Delhi
